"","simul_idx","up_dw","low_dw","t_dw","up_dw_x1_to_xn","low_dw_x1_to_xn","t_dw_x1_to_xn","up_dw_x1_to_xn_tails","low_dw_x1_to_xn_tails","t_dw_x1_to_xn_tails","up_t_test","low_t_test","t_t_test"
"1",1,0.115721476099929,-0.235101000734904,1.88217819134394,0.136261423617581,-0.24769427833256,14.8559658527374,0.111037072113483,-0.336851840209192,14.8559658527374,0.0146857044669344,-0.133251291256605,0.00446295738220215
"2",10,0.064046565693393,-0.2853363722696,1.87951563199361,0.081806127320835,-0.302418031007448,14.9095811843872,0.0514870690619999,-0.329258590255107,14.9095811843872,-0.0399100749943774,-0.184865989835245,0.000884771347045898
"3",100,0.239056436092049,-0.105834416000886,1.23748273849487,0.266401858668559,-0.13364147862811,14.719226360321,0.218839239839038,-0.139171209282326,14.719226360321,0.14029881735253,-0.00553208730991035,0.000214576721191406
"4",101,0.218667382984695,-0.134554142776809,1.78730311791102,0.235875245576831,-0.162282646920025,15.2982466220856,0.213640312742101,-0.167511045526053,15.2982466220856,0.116350120878548,-0.0364220055304238,0.000198125839233398
"5",102,0.185425220200066,-0.168470189091198,1.88750520944595,0.197055892193534,-0.176478606175373,15.0043051242828,0.194881666293568,-0.227680131319494,15.0043051242828,0.0833525605382736,-0.0632756355161577,0.000184059143066406
"6",103,0.182959831732858,-0.170947690109924,1.90004556576411,0.199918085126946,-0.174137852133822,14.7473261356354,0.188626217399814,-0.309265266496701,14.7473261356354,0.0838849665044583,-0.0633304945917205,0.000188112258911133
"7",104,0.276110587442029,-0.0727715231057648,2.03437962929408,0.297970995148431,-0.0915474640203806,14.2596101760864,0.274318721674528,-0.118475663826562,14.2596101760864,0.178726006154933,0.0301092165536373,0.000197649002075195
"8",105,0.143445085831557,-0.210006863921939,1.78953013817469,0.152137778753646,-0.219294215302213,14.9598114490509,0.207157895783729,-0.275388133944139,14.9598114490509,0.0401956867646845,-0.105354594478738,0.000205039978027344
"9",107,0.117714717010206,-0.237392138416326,1.6370531519254,0.124319860886734,-0.248843707665962,14.6463296413422,0.185280916965184,-0.317040022979953,14.6463296413422,0.0124677302434833,-0.136855965002795,0.000199317932128906
"10",108,0.197107703779685,-0.154016114279735,1.89690212806066,0.214991014625668,-0.171850822738991,14.2964062690735,0.186366435848721,-0.185190205612133,14.2964062690735,0.0961672355504102,-0.0503670219377752,0.000191211700439453
"11",109,0.202387434923257,-0.145561453637249,1.91660232146581,0.221667571236608,-0.166286670834501,15.2661926746368,0.193162280292456,-0.171036489935691,15.2661926746368,0.103094728728637,-0.0410744521542982,0.000194787979125977
"12",11,0.219536125953793,-0.129125277968628,1.5671905875206,0.238065540141601,-0.147351724893339,16.7097418308258,0.260236950692455,-0.178380180109591,16.7097418308258,0.122249182571114,-0.0269704882981849,0.00088191032409668
"13",110,0.198310344494771,-0.151512242309231,1.23122199376424,0.21358179376921,-0.180534728754762,14.8301832675934,0.227218703846022,-0.187362502210222,14.8301832675934,0.096329226841467,-0.0560563098741648,0.000197649002075195
"14",111,0.110336784939881,-0.241287920729433,1.63770197232564,0.125405931823734,-0.266866952549758,15.0024514198303,0.104408753986673,-0.275961583160003,15.0024514198303,0.0053051061839483,-0.144595588396954,0.000234365463256836
"15",112,0.197007112021626,-0.155183474420999,2.05823852618535,0.203883376165269,-0.158905586301156,14.8190078735352,0.22183700728648,-0.257412787398058,14.8190078735352,0.0925341731989872,-0.048828323945177,0.000198125839233398
"16",113,0.203788057385199,-0.147078382756012,2.3321503718694,0.215609797063978,-0.16021322912636,14.9715940952301,0.20639747169264,-0.199093302146451,14.9715940952301,0.0993316265641678,-0.0437893968044486,0.000260829925537109
"17",114,0.166766111364699,-0.183881081910355,1.63495932420095,0.1825714255766,-0.221335521574983,14.5155808925629,0.16771743195022,-0.221656611697268,14.5155808925629,0.0630511695519493,-0.0876299361621564,0.000275373458862305
"18",115,0.182345671043422,-0.168928976974374,1.63263042767843,0.2006366130093,-0.188994534328969,15.3533387184143,0.169102425968121,-0.20110098121574,15.3533387184143,0.0806029905325428,-0.0669640359355171,0.000234365463256836
"19",116,0.189841281416972,-0.164627267260405,1.75612602233887,0.210445330830167,-0.182573820577488,14.7583787441254,0.176302452563357,-0.204991668358175,14.7583787441254,0.0895221247850101,-0.062629470595481,0.00035548210144043
"20",118,0.263706085059301,-0.0866809208139734,1.63049196402232,0.280664036280674,-0.109051297742881,14.7220749855042,0.245264418507351,-0.118363496832277,14.7220749855042,0.160205624048203,0.0150870051676204,0.000185489654541016
"21",119,0.133389465192633,-0.218113690747265,1.88142325083415,0.138088674677292,-0.232637901230583,14.5040378570557,0.196241907500396,-0.247210080668136,14.5040378570557,0.0267407042952661,-0.114938136774521,0.000195503234863281
"22",12,0.140475065614211,-0.209911907322307,1.98021586736043,0.165021139809187,-0.230501325897264,15.3388845920563,0.124126531549575,-0.251430597844468,15.3388845920563,0.0399414870650179,-0.109320078227745,0.000195503234863281
"23",120,0.209485501447898,-0.142634758175145,2.05293160279592,0.226113468981232,-0.156820464532907,14.5774216651917,0.199525581487866,-0.192399849760474,14.5774216651917,0.107361389580484,-0.0391257115659396,0.000191688537597656
"24",121,0.164862694098111,-0.185752035230347,2.0431059996287,0.182451169838591,-0.200753615257297,14.7653012275696,0.167672653139978,-0.21766744773688,14.7653012275696,0.0646414167872312,-0.0802453427696353,0.000366926193237305
"25",122,0.146190877628224,-0.205197402942341,2.04181877374649,0.161725816921026,-0.230156873041146,14.7161316871643,0.137233590793378,-0.23670972283039,14.7161316871643,0.0413695711276395,-0.106122034851869,0.000194549560546875
"26",123,0.180759780734364,-0.168026735758479,1.23481611013412,0.201884637749582,-0.189798382875623,14.3899562358856,0.195630961047909,-0.205257935342009,14.3899562358856,0.0828193318614919,-0.0669050740456127,0.000207901000976562
"27",124,0.222115153350461,-0.13291240654139,1.50264000495275,0.243930946289621,-0.151127715558592,15.2464628219604,0.195664832708546,-0.160541076940118,15.2464628219604,0.120004101690413,-0.0293072198011349,0.000192642211914062
"28",125,0.0935588480407432,-0.259820572829493,1.76793940464656,0.113330586145501,-0.28250096174515,14.1689100265503,0.0808149768470335,-0.288646715813112,14.1689100265503,-0.00800466888102022,-0.159090384342441,0.000247716903686523
"29",126,0.0978124282626729,-0.254852062385193,1.63749546209971,0.107520812419142,-0.262188192665523,14.4853835105896,0.110217377303461,-0.351757431193788,14.4853835105896,-0.00736221929808218,-0.151466433564635,0.000190496444702148
"30",127,0.14172591616443,-0.202929575728253,2.19287168979645,0.163994999541303,-0.227948715443649,14.5382113456726,0.132110002505174,-0.248988858453823,14.5382113456726,0.0401277469097169,-0.105880959010686,0.000219106674194336
"31",129,0.148005446664252,-0.2028439422813,1.63614773750305,0.16748025666186,-0.222318635798191,14.6668782234192,0.168313111477579,-0.256399730655435,14.6668782234192,0.0495870587319385,-0.103701071600265,0.000208854675292969
"32",13,0.206833435329954,-0.143984722854076,1.80523765484492,0.2212637497791,-0.15705864802786,14.8640484809875,0.231177550093242,-0.239632939249698,14.8640484809875,0.104890851276248,-0.0418633141017295,0.000218629837036133
"33",130,0.136832891001249,-0.213231955169955,1.88653727372487,0.148993398805992,-0.228165701636451,14.2573623657227,0.185949387085389,-0.290195615773011,14.2573623657227,0.0333836465930314,-0.11245568835642,0.000199079513549805
"34",131,0.225620255306323,-0.126539054452857,2.16678264538447,0.227032197131976,-0.129205074214993,14.3637778759003,0.314062576371991,-0.253138470001994,14.3637778759003,0.121013519146162,-0.0219763525466413,0.000193119049072266
"35",132,0.197143701134948,-0.153937852762861,1.90464051961899,0.214620711375288,-0.164560089975332,14.7094831466675,0.210009320695573,-0.232866123658425,14.7094831466675,0.0974972679519409,-0.0485006049193281,0.000194549560546875
"36",133,0.156280021449269,-0.193318114530015,1.76355095307032,0.189325500022123,-0.211256642500581,14.9501128196716,0.14745088311961,-0.272613017416407,14.9501128196716,0.059917136193575,-0.0929250402179647,0.000263452529907227
"37",134,0.184083501250121,-0.166466902557622,1.9145393371582,0.197577161032415,-0.180613738169351,14.6617217063904,0.219767971274508,-0.235863564195529,14.6617217063904,0.0823118373660558,-0.0645852461620896,0.000200033187866211
"38",135,0.153632417400331,-0.199285306663728,1.87923209269842,0.167077666578711,-0.224085876577653,14.4646925926208,0.134758915765659,-0.228073689499763,14.4646925926208,0.0473134015779325,-0.0998228180147345,0.000371217727661133
"39",136,0.212989144748081,-0.139968857011612,2.02688828706741,0.224657071976305,-0.151477489468869,14.346207857132,0.234321257412166,-0.198207353852206,14.346207857132,0.110189369079485,-0.0354238754653398,0.000196456909179688
"40",137,0.179353064801483,-0.174280089934996,2.28957835435867,0.192629592613716,-0.179120126647662,14.824912071228,0.166032486254963,-0.25835416805448,14.824912071228,0.0763000222056719,-0.0684693390536436,0.000193119049072266
"41",138,0.222982020519672,-0.128370376684874,1.64196634689967,0.237317389235572,-0.146206643702153,14.5821721553802,0.280122403587342,-0.184966533022779,14.5821721553802,0.123307580155998,-0.0278743508281121,0.000198841094970703
"42",14,0.160848875991549,-0.188323247425688,1.43210606972377,0.181328097420218,-0.21049550765156,15.0199155807495,0.165843695308938,-0.265628435157351,15.0199155807495,0.061028503210062,-0.0930950312940007,0.000240087509155273
"43",140,0.0991960346989522,-0.245924398328869,2.17125058174133,0.128334227683693,-0.270595573255903,14.1960821151733,0.0803935312187309,-0.282446887442799,14.1960821151733,-0.00159801526920997,-0.146743767136833,0.000202417373657227
"44",141,0.156399815236212,-0.194703747600041,1.99768768151601,0.170532887157244,-0.20645879257129,14.7311608791351,0.155046758618262,-0.247549535933887,14.7311608791351,0.0530206211559384,-0.0902245520331811,0.000280618667602539
"45",143,0.165147835775886,-0.187541927819146,2.12297714153926,0.180904209363038,-0.199159280263711,14.367226600647,0.150688507690125,-0.256115267283383,14.367226600647,0.0613149114040056,-0.0848720908344663,0.000234127044677734
"46",144,0.18148190518108,-0.171591174902642,1.3697212934494,0.195244513304357,-0.187309152668133,14.4114384651184,0.212442022163303,-0.226501792816837,14.4114384651184,0.0798088586691624,-0.0698988683607464,0.000201940536499023
"47",145,0.206392607798255,-0.147217184061964,1.98501745065053,0.213689599407393,-0.161337801609379,14.5978753566742,0.274314628246903,-0.180771176763251,14.5978753566742,0.102702400454669,-0.0428777874995266,0.000214099884033203
"48",146,0.185829914826678,-0.16304527093183,2.12689520517985,0.2128342892529,-0.172182960634927,15.1717970371246,0.172521879640962,-0.223237566642251,15.1717970371246,0.0893828299813951,-0.0550886832680806,0.000230789184570312
"49",148,0.243061661436757,-0.107673074109995,1.97883241176605,0.262788621887676,-0.12280493206455,15.3587694168091,0.238640853047602,-0.141802869759947,15.3587694168091,0.144683876115898,-0.00202980184503023,0.000200510025024414
"50",149,0.245732830477135,-0.107531226158047,2.14763668775558,0.268236966529737,-0.116346878186513,13.9203372001648,0.225048185028575,-0.160372226952658,13.9203372001648,0.145071422429761,-0.000759170204543941,0.000255823135375977
"51",15,0.158882543230895,-0.194083616873545,2.62567460536957,0.161472604344221,-0.205650624553624,16.3949365615845,0.241010490857766,-0.258026978855931,16.3949365615845,0.051229624727388,-0.0930100866404628,0.000185489654541016
"52",151,0.240279468557797,-0.111734567659167,2.01577339172363,0.244694497081397,-0.114088436397034,14.3125545978546,0.320614373896377,-0.241443664111924,14.3125545978546,0.137138252984415,-0.00520798578620469,0.000385046005249023
"53",152,0.178131754055176,-0.171734855216529,1.88951876958211,0.202005306618101,-0.189509392852644,14.1388440132141,0.165650202180408,-0.204542530834283,14.1388440132141,0.0795284207043743,-0.0669748244358651,0.000190496444702148
"54",154,0.207969245281555,-0.142108620970761,2.28618141412735,0.217678732431632,-0.164855314763388,13.8448164463043,0.256940327453254,-0.174012751411694,13.8448164463043,0.103262623706699,-0.0419406587599436,0.000189781188964844
"55",155,0.21101301611024,-0.142839060423094,2.01406762599945,0.222025398850866,-0.149887747606749,14.607043504715,0.247876104694484,-0.233226951656688,14.607043504715,0.109698890777134,-0.037130474902812,0.00018620491027832
"56",156,0.143791253102827,-0.205834625997617,1.74583289623261,0.169304553111391,-0.223472695466417,14.2370867729187,0.129279163811971,-0.255414452848602,14.2370867729187,0.0437531192978988,-0.103184111996965,0.000194311141967773
"57",157,0.182623479329034,-0.169161602895096,1.72807476520538,0.19332024450964,-0.172844919333321,14.006890296936,0.196052151626526,-0.29142586867338,14.006890296936,0.079621806624334,-0.0627671859573178,0.000193595886230469
"58",159,0.228878970362265,-0.122930938158957,1.72358242273331,0.246020000846376,-0.132695187416375,14.1695313453674,0.217433114537151,-0.171358318974493,14.1695313453674,0.127812361869249,-0.015577893758761,0.000193119049072266
"59",16,0.24230883411472,-0.108249226260457,2.38080002864202,0.253666224618027,-0.118445969473999,15.1186370849609,0.226527566932459,-0.154011006823461,15.1186370849609,0.13817875608073,-0.00342920185101943,0.000211954116821289
"60",160,0.189934184944924,-0.158768748408475,1.97876652479172,0.2009426503819,-0.161164294930406,14.1965577602386,0.181161255836596,-0.265495415891848,14.1965577602386,0.086881319856519,-0.052524925058212,0.000187397003173828
"61",162,0.15147445926241,-0.201396602848171,1.91403311093648,0.158917305726536,-0.213321045021329,14.2429511547089,0.188588252064128,-0.244657036779096,14.2429511547089,0.0460901191461576,-0.0980884500427498,0.000219583511352539
"62",163,0.154869074556957,-0.196663813395077,2.06593974431356,0.171898232504,-0.220504073013177,14.2355048656464,0.130874431863421,-0.222649388926885,14.2355048656464,0.0511915861616754,-0.0943821050088063,0.000204086303710938
"63",165,0.149014720312879,-0.2037747907016,1.929114762942,0.155380425030958,-0.216455796318035,13.8822209835052,0.204601040037577,-0.264897858955873,13.8822209835052,0.0427991419897589,-0.102010716656503,0.000183582305908203
"64",166,0.141706450234302,-0.213355558500991,1.79567170540492,0.154899114528294,-0.218285837564559,13.8061311244965,0.144284538562543,-0.366040057582871,13.8061311244965,0.0388137855328419,-0.109052454906068,0.000187397003173828
"65",167,0.250301866830676,-0.0998509438281432,2.5796189904213,0.260592053708421,-0.10317166064667,13.9870662689209,0.239568533599869,-0.194515697757306,13.9870662689209,0.147165980999963,0.00690672133831103,0.000191926956176758
"66",168,0.195597192157609,-0.156639822267175,1.82109342018763,0.220887449453381,-0.173852257784344,13.8912670612335,0.174542515294314,-0.186251072078642,13.8912670612335,0.0960717783986509,-0.0513758528839416,0.000190258026123047
"67",17,0.187781694830072,-0.153740283626255,1.53608850638072,0.226631618104308,-0.180008077193095,15.2815546989441,0.183279546502962,-0.212450539557286,15.2815546989441,0.0972331283417246,-0.057029112027696,0.000231027603149414
"68",170,0.192149168364958,-0.162427967858985,1.2899239897728,0.201574447904146,-0.185602750497313,14.0884058475494,0.233715816015655,-0.188935049022584,14.0884058475494,0.0882638026591092,-0.0613266031074524,0.000191211700439453
"69",171,0.130353177878558,-0.223856132301069,1.7623017112414,0.139963172874534,-0.232638863774367,13.5760345458984,0.155449042579197,-0.321150299561586,13.5760345458984,0.0253614600825867,-0.12110838535039,0.000281333923339844
"70",173,0.19979992554944,-0.152895936101584,2.0703984896342,0.22965045787139,-0.158351221072927,13.6311037540436,0.189394227439045,-0.275395994411924,13.6311037540436,0.10074964329864,-0.0452966902806371,0.000222682952880859
"71",174,0.13406163727786,-0.220489385770792,1.53166439135869,0.139893374476076,-0.229752362281307,13.7388844490051,0.200128124869417,-0.306294669175408,13.7388844490051,0.0283274508311344,-0.118005783548478,0.000263452529907227
"72",176,0.157471860718605,-0.191454888469382,1.64906887610753,0.184233194642796,-0.219615847319644,14.0194041728973,0.124862120865975,-0.220432824743611,14.0194041728973,0.0536580966147417,-0.0892858848881441,0.000358104705810547
"73",177,0.182000723556076,-0.168824607067644,1.92130428552628,0.191357467862538,-0.18491879807987,13.7237343788147,0.213810865129142,-0.205948744351981,13.7237343788147,0.078165446852713,-0.0667282240916596,0.000192165374755859
"74",178,0.192596938162732,-0.160781708434384,1.78405669927597,0.206687577451577,-0.172414064146963,13.964195728302,0.182901230353055,-0.231946200521774,13.964195728302,0.0888696258468873,-0.0580987478393688,0.000184535980224609
"75",179,0.233417443922585,-0.11500858736236,1.91906191110611,0.257275735088274,-0.129948413925011,14.1076233386993,0.23608719935667,-0.156009909231766,14.1076233386993,0.13897116315481,-0.00937833097200378,0.000280141830444336
"76",18,0.182974175732107,-0.170301243910097,1.9634995063146,0.210566381684555,-0.184958527622234,15.9557781219482,0.165272133207419,-0.215799756614489,15.9557781219482,0.0828584003212669,-0.0654258771519716,0.000195026397705078
"77",181,0.239364353874473,-0.114402286552817,1.66409564415614,0.267940196498996,-0.12429305662625,13.3374524116516,0.229703935051952,-0.236055481247007,13.3374524116516,0.142845406008755,-0.00994264099050085,0.000200748443603516
"78",182,0.111147610159428,-0.231774166106031,1.54396553039551,0.139702150644805,-0.259413340691627,13.8153877258301,0.114089173264404,-0.275899653887613,13.8153877258301,0.0161489661043248,-0.135510853348494,0.000200271606445312
"79",185,0.215429882872596,-0.135319853926157,1.64728110233943,0.231208601555117,-0.154365334012054,13.6773843765259,0.228131811652565,-0.18516156622571,13.6773843765259,0.113601131287209,-0.0350057002214812,0.000218391418457031
"80",187,0.139926491030947,-0.212278501906817,1.89056075016658,0.147391118516182,-0.223310154157601,14.1495425701141,0.149753359738664,-0.25639849573967,14.1495425701141,0.0337313517486283,-0.108921982226468,0.00019526481628418
"81",188,0.120251204799664,-0.234957855879922,1.66055897474289,0.133194009790619,-0.25020351374291,13.3659241199493,0.131572971209731,-0.270451990660395,13.3659241199493,0.0169506788966859,-0.132404121773342,0.000229597091674805
"82",189,0.175392902032517,-0.174197092890077,2.40568029483159,0.182580624313063,-0.179882094416041,13.7317566871643,0.168615896251409,-0.258385946297398,13.7317566871643,0.0695433362336618,-0.0711879422077454,0.000192403793334961
"83",19,0.126329668698526,-0.226307701189537,1.1363832672437,0.142667914506597,-0.23772421083171,15.2953381538391,0.116136076856063,-0.319601725897474,15.2953381538391,0.0224933006199393,-0.124982773701067,0.000270366668701172
"84",190,0.212144820034314,-0.135330551197026,1.77045561075211,0.234504520796281,-0.15703675177887,13.8710782527924,0.21423771407463,-0.184594962941679,13.8710782527924,0.113871505172971,-0.0357827498385707,0.000190258026123047
"85",192,0.156562991953562,-0.195425478903805,1.65657459100087,0.16894157148569,-0.210592286631798,13.8318235874176,0.138792055281732,-0.222130716713307,13.8318235874176,0.0516053243132655,-0.091839500876202,0.000382900238037109
"86",193,0.252751893663388,-0.0978058606369798,1.92696791489919,0.271251397991537,-0.107585823723929,13.4965264797211,0.2661988912549,-0.170367722321304,13.4965264797211,0.155618798510483,0.00890457629633247,0.000262260437011719
"87",196,0.164429602778599,-0.187153503562155,1.64196617603302,0.187201457369587,-0.197392158890792,13.9368689060211,0.152538435188704,-0.270301484544939,13.9368689060211,0.0645727469006131,-0.0819952155295364,0.000188112258911133
"88",198,0.173793656777949,-0.174851633233856,1.77276248931885,0.194508737315326,-0.205934308520803,13.7145216464996,0.150825750687124,-0.211477513988756,13.7145216464996,0.0696518608432725,-0.0800436067928934,0.000190258026123047
"89",199,0.192634805129127,-0.161214574948663,1.401884440581,0.202838350794109,-0.164574317784857,13.665397644043,0.262013152851734,-0.33575547784742,13.665397644043,0.0921920980816135,-0.0552869843993493,0.000229835510253906
"90",2,0.206701235121156,-0.143319262914285,2.26946012576421,0.224783681420945,-0.161029347375485,15.8778052330017,0.216620195066549,-0.191764114468817,15.8778052330017,0.106928307416221,-0.0413640805748162,0.000887155532836914
"91",20,0.124591237370793,-0.228206260455985,2.38247648874919,0.137360820394286,-0.247177256899048,15.2291443347931,0.13263842993482,-0.254897124858688,15.2291443347931,0.0208720774489412,-0.125599448686461,0.000332355499267578
"92",200,0.151213034121382,-0.202303588538981,2.02859664758046,0.163906804524063,-0.213489117748893,13.4238743782043,0.140043820778713,-0.252550013666146,13.4238743782043,0.0465598896543726,-0.0991700644399198,0.000189065933227539
"93",201,0.253926393962664,-0.0960476204687941,1.28535168965658,0.265863685925476,-0.116942076753925,13.5185232162476,0.338682627242143,-0.129772464812792,13.5185232162476,0.153919371049194,0.00538625356708615,0.000189065933227539
"94",203,0.148554251917744,-0.204326365679007,1.51345236301422,0.156300706214683,-0.212673306758666,13.2657241821289,0.202019594483583,-0.30491782550218,13.2657241821289,0.0440124182946326,-0.101434858662546,0.000191926956176758
"95",204,0.196432392233383,-0.156644242155319,1.89509847164154,0.212943131641797,-0.167677737559632,13.7423508167267,0.190110404194002,-0.193076173183534,13.7423508167267,0.0965128619190989,-0.0503822278958106,0.000209331512451172
"96",207,0.242601995831764,-0.106734455762055,1.39298238754272,0.265380890486407,-0.12169658764964,13.3929212093353,0.247395172356623,-0.174717453492053,13.3929212093353,0.145983621702015,-0.00292132840074977,0.00020599365234375
"97",209,0.180257891998862,-0.163097972216917,1.7409562309583,0.212511618975575,-0.180282785387884,13.1757712364197,0.178587794613064,-0.226315309218439,13.1757712364197,0.0890003031633945,-0.0601342939176141,0.000274896621704102
"98",21,0.0938707423279882,-0.254925510823334,1.99024794896444,0.109205472146424,-0.266066886847527,14.4003858566284,0.0863221385988096,-0.331127746762762,14.4003858566284,-0.0103345092142028,-0.152810777362453,0.000206232070922852
"99",211,0.113853674795535,-0.237171541570685,1.71500984032949,0.130873409537982,-0.251172402832648,13.0283803939819,0.111950660494012,-0.308843150681707,13.0283803939819,0.0110871985158464,-0.135911650063522,0.00022125244140625
"100",212,0.214774937076129,-0.137893557632596,1.49234224557877,0.224266672722606,-0.160263736078673,13.2285120487213,0.273484817695339,-0.166962490088993,13.2285120487213,0.111030432738315,-0.0367403303513125,0.000201702117919922
"101",214,0.22819400365095,-0.123995098377738,1.51233379046122,0.234980985376496,-0.132313534405009,13.3351142406464,0.25576034379822,-0.181669307219315,13.3351142406464,0.12428469791006,-0.0191774957709398,0.000184297561645508
"102",215,0.153455139848318,-0.197095118979564,1.52253140211105,0.165500165269939,-0.211629869935334,13.7951176166534,0.193748088643621,-0.266051843634007,13.7951176166534,0.0501702098923318,-0.0955169866965926,0.000194549560546875
"103",218,0.154091862292426,-0.200536220721591,1.9677148660024,0.159606880246299,-0.209313042301485,12.8723001480103,0.217068680710162,-0.305332644635296,12.8723001480103,0.0488366484522657,-0.0993640533981481,0.000393390655517578
"104",22,0.162690835087596,-0.19100928685666,2.14710518519084,0.186554327597698,-0.216737749716397,16.1637015342712,0.129813889857744,-0.218578511149544,16.1637015342712,0.0575213369529911,-0.0904847019657728,0.0001983642578125
"105",220,0.164846319492338,-0.179468179706259,2.03956193129222,0.186286845566279,-0.18928711681064,13.1298747062683,0.159412768031047,-0.237140547320877,13.1298747062683,0.0671487273207291,-0.0726576442469215,0.000339746475219727
"106",222,0.192536684491725,-0.159996341347488,1.68111762603124,0.198845287538617,-0.168065716995885,12.9763927459717,0.237755724849139,-0.255820350526867,12.9763927459717,0.087429869714311,-0.0570457398421387,0.000186681747436523
"107",223,0.181716459558195,-0.169571573784413,1.78254445791244,0.197844741227343,-0.189929325964576,12.8597903251648,0.172637933115258,-0.20346020147746,12.8597903251648,0.0778689140404808,-0.0683689028286066,0.000190258026123047
"108",225,0.277359073217414,-0.0733915593710082,1.70465874274572,0.29510747151799,-0.0972343210713973,12.8689208030701,0.284473815394651,-0.107649330927939,12.8689208030701,0.178143955538408,0.0267887733710846,0.000191211700439453
"109",229,0.237556581442136,-0.112156012302064,1.20988799333572,0.25824947835481,-0.123694874874904,12.9853754043579,0.245637237592145,-0.167634408471827,12.9853754043579,0.141525804206146,-0.00587313979589389,0.000382900238037109
"110",23,0.226198285544897,-0.126740342550347,2.09006945292155,0.240010981755266,-0.146037960858387,15.4796249866486,0.231947359102959,-0.161748218879763,15.4796249866486,0.122715408506345,-0.0245339996015842,0.000198125839233398
"111",231,0.173029285912094,-0.17884042548759,1.67983894745509,0.193910580224924,-0.18991994237074,13.0514636039734,0.16243987791356,-0.242291658499259,13.0514636039734,0.0726428380498182,-0.0734677355507445,0.000189065933227539
"112",233,0.18545648896602,-0.163302922400096,2.05066907803218,0.199841832934203,-0.178481529926329,12.8911035060883,0.214924078119352,-0.200090899904134,12.8911035060883,0.0850706678653655,-0.0589569076450023,0.000189065933227539
"113",234,0.149483949256984,-0.20206129695389,1.31289503971736,0.162203150067365,-0.212943756214417,12.9559690952301,0.198771712975627,-0.303257425377381,12.9559690952301,0.0481732292668003,-0.0993828487510866,0.000184774398803711
"114",236,0.199695760155111,-0.150935076341401,1.92559351523717,0.200215594352099,-0.160921421625914,12.8538258075714,0.313207839823799,-0.19254819497489,12.8538258075714,0.0935507298683195,-0.0475489553865301,0.000222444534301758
"115",24,0.156945389427095,-0.185179131415232,1.6610328912735,0.179281573798301,-0.205897341037674,15.0988471508026,0.20946632692365,-0.289976591707063,15.0988471508026,0.0618530891477347,-0.0890489697120529,0.000245809555053711
"116",240,0.141902508779625,-0.210302610249537,1.92290105422338,0.164990839906581,-0.215116944407948,13.1491167545319,0.128862684751378,-0.335215480064164,13.1491167545319,0.0418533832643117,-0.103652162192844,0.000252962112426758
"117",242,0.186084612185369,-0.165123280107539,1.68938538630803,0.191677666285236,-0.166419340723266,12.9138669967651,0.249919489433399,-0.347070417904278,12.9138669967651,0.0817954978711264,-0.0594084484676927,0.000190496444702148
"118",244,0.169734039093614,-0.183043698856774,1.80597932736079,0.17681068076471,-0.187974162847161,13.3217911720276,0.224155713851917,-0.28863084101787,13.3217911720276,0.0662863890232027,-0.0776280740967784,0.000194549560546875
"119",245,0.156070014000676,-0.194937020045068,1.68454859654109,0.168535439355047,-0.214188975602329,12.8917217254639,0.186042478776047,-0.237665251057139,12.8917217254639,0.0523264605590334,-0.0946940781086112,0.000188112258911133
"120",247,0.115331497484681,-0.237403205494257,1.95338133970896,0.117982169021075,-0.259892240606379,13.5180904865265,0.203358955969905,-0.264775037950254,13.5180904865265,0.00701160048911899,-0.139628392063624,0.000201702117919922
"121",25,0.22287574703901,-0.130186163073565,2.11073424816132,0.236228872052799,-0.14083801830013,14.6731016635895,0.233979447279066,-0.2011111353187,14.6731016635895,0.120400588042225,-0.0253381096397005,0.00022578239440918
"122",251,0.109480076655088,-0.243421554277123,1.81277170578639,0.118487407829812,-0.259088965510643,13.4926676750183,0.135020866951358,-0.275224013334114,13.4926676750183,0.00412041626169164,-0.141342281722392,0.000194787979125977
"123",253,0.199842968378981,-0.151367886743967,1.9210102558136,0.231271811394228,-0.173118923328016,12.8886485099792,0.181751081858437,-0.186695007394463,12.8886485099792,0.0999669936824917,-0.0490219278144244,0.000202178955078125
"124",255,0.200164336760301,-0.153000715293513,1.80484530925751,0.213446113711778,-0.160575275777874,12.8472921848297,0.206099457969351,-0.219833229791707,12.8472921848297,0.0984412435738615,-0.0461343770579204,0.000191926956176758
"125",256,0.224655721961985,-0.130364827810233,1.92627061605453,0.242160281328468,-0.139248528602982,12.8882625102997,0.2061032831359,-0.186224270683878,12.8882625102997,0.122758754906572,-0.0242496345681504,0.000192165374755859
"126",258,0.124295142207836,-0.229174175887173,1.93229619661967,0.135762091104566,-0.245112560084717,13.1916556358337,0.112793623746435,-0.253596324205759,13.1916556358337,0.0195191194742813,-0.126103124100078,0.000182151794433594
"127",26,0.156251870353663,-0.195296062150742,2.16686706542969,0.163157845349581,-0.214004355045931,16.8874228000641,0.225548371554509,-0.24102526266523,16.8874228000641,0.0503395057080846,-0.0968201045019656,0.000185489654541016
"128",262,0.153577702013674,-0.199321444489841,1.66856429179509,0.161206501114826,-0.23131324125406,12.8091824054718,0.165760250706514,-0.231682217389045,12.8091824054718,0.0456014694396104,-0.101152514352425,0.000190973281860352
"129",264,0.221745165935007,-0.133998714598855,2.04881248871485,0.242741124391483,-0.145874458536722,12.8969864845276,0.199489060367691,-0.174184369865866,12.8969864845276,0.120628429803271,-0.0289980349917928,0.000191211700439453
"130",266,0.139636710981964,-0.21157381409311,1.33721959590912,0.154495304490631,-0.250058018650175,12.7356932163239,0.12705332419822,-0.250296464529192,12.7356932163239,0.034253583843796,-0.116890858802872,0.000387907028198242
"131",267,0.146810893617193,-0.201607658392923,1.81366027593613,0.161800062174754,-0.231922066440766,13.0183758735657,0.127644259480335,-0.233700718319466,13.0183758735657,0.0404552957811264,-0.104378607337391,0.000190019607543945
"132",269,0.122234360657756,-0.229359886121265,1.80269218683243,0.142426870851335,-0.250167446380297,12.9766528606415,0.0967146506196728,-0.259610999379718,12.9766528606415,0.0179476996429207,-0.128908487422561,0.000186920166015625
"133",27,0.232160139135968,-0.122178056870583,1.9353710214297,0.238233827178147,-0.138952174657337,15.1537365913391,0.327884634612056,-0.170862992248059,15.1537365913391,0.127225379234658,-0.0217771773551141,0.000189065933227539
"134",273,0.192435025491421,-0.150277029528013,58.2156567573547,0.205108096711527,-0.150277029528013,13.038149356842,0.188843601352732,-0.387206568858468,13.038149356842,0.0917262313339234,-0.0454006943097248,0.000192403793334961
"135",275,0.247493145078767,-0.100643620112483,2.07547843058904,0.27510627243855,-0.107849068159965,13.1638243198395,0.243548950828189,-0.193221560464524,13.1638243198395,0.155308159695335,0.00761984209772006,0.000230312347412109
"136",277,0.206728791844899,-0.145375730402875,2.0342510898908,0.220464615462756,-0.158355880164441,12.7632014751434,0.190746604240578,-0.192439974400716,12.7632014751434,0.10240839111286,-0.0420223976630402,0.000184774398803711
"137",278,0.273129625221668,-0.0810815696130371,1.93007084528605,0.282176090959721,-0.0913635208561057,13.1102688312531,0.307013715199921,-0.14802467711122,13.1102688312531,0.170950527034497,0.0228909680980229,0.000190258026123047
"138",28,0.185655832084754,-0.166676316051317,1.37670429150263,0.215222618558605,-0.180956387397255,15.1865258216858,0.177828222909015,-0.263665113437938,15.1865258216858,0.0903185615210133,-0.0648801628112838,0.000219821929931641
"139",280,0.224496169161671,-0.129364167147856,1.70393480857213,0.243121049008497,-0.146125729135425,13.0016376972198,0.206660541988875,-0.177474821299834,13.0016376972198,0.122043924022344,-0.0277809542889192,0.000185728073120117
"140",284,0.16356099251743,-0.186434699048037,1.57735826969147,0.180766246937829,-0.21264242001266,12.8231053352356,0.13674266641223,-0.219970561823822,12.8231053352356,0.0569578181250631,-0.089063823104251,0.000298261642456055
"141",286,0.252097168125944,-0.0973188609745395,1.21201999584834,0.280900157078462,-0.110474720328975,13.3601431846619,0.254530862861433,-0.213901646239227,13.3601431846619,0.159848966598407,0.00578747196355796,0.000185012817382812
"142",288,0.209867736693234,-0.143101233619611,1.68673923810323,0.2278688247244,-0.155631614360283,12.9801418781281,0.21404332822384,-0.225508923296158,12.9801418781281,0.109855743233643,-0.0397789391848811,0.000188827514648438
"143",289,0.161329566665822,-0.195267495634175,1.55841910441717,0.168072755020807,-0.217936907300975,13.1638712882996,0.232039547588523,-0.223525225950043,13.1638712882996,0.0563304434792424,-0.0960673440552958,0.00019383430480957
"144",29,0.113455017432569,-0.231766348750717,1.83319642941157,0.141022794698544,-0.257196284340957,15.95157289505,0.103240712751127,-0.283323790965977,15.95157289505,0.0151316625159851,-0.135677090679928,0.000261783599853516
"145",291,0.166747422102205,-0.18749379877878,1.42402678728104,0.185544776665141,-0.193414738336455,13.10373711586,0.154616516474287,-0.31407222871589,13.10373711586,0.0651205376929997,-0.0818580182289206,0.00018620491027832
"146",295,0.154098720308225,-0.199729698064261,1.67826953331629,0.165612345644953,-0.207189543306935,13.2201890945435,0.15206686067777,-0.289453998574253,13.2201890945435,0.050058354029841,-0.0957230813084209,0.000227928161621094
"147",297,0.102801951094419,-0.246893847705926,1.94055615663528,0.135888421303052,-0.263593749550491,12.7283143997192,0.0907643564384872,-0.304224167710334,12.7283143997192,0.00439055997729599,-0.145534910209016,0.000185966491699219
"148",299,0.148352459963435,-0.198348425093847,2.27434291044871,0.154922072906178,-0.200969239621416,12.731588602066,0.152080848005312,-0.274457282515251,12.731588602066,0.0449865877757045,-0.0939774817178045,0.000271081924438477
"149",3,0.127592244262992,-0.220111803191598,1.88132146596909,0.142559016804242,-0.242884215925454,14.7732448577881,0.154147960856546,-0.264849299668532,14.7732448577881,0.0243716136582685,-0.122602996534056,0.00104904174804688
"150",30,0.0780087499611177,-0.247701384734397,1.96562342643738,0.124413598688236,-0.281701449287003,15.1956853866577,0.0816188804566728,-0.332379804490624,15.1956853866577,-0.0087379842048943,-0.1599357266648,0.000220298767089844
"151",300,0.119198160164563,-0.233715514169523,1.6976731300354,0.126947564329733,-0.255644942581929,13.2008426189423,0.164796596137448,-0.266788431582155,13.2008426189423,0.0123362475048009,-0.135967671589215,0.000194787979125977
"152",302,0.0922454718882335,-0.260601553754289,1.67554792165756,0.100808607478175,-0.268908030832297,13.0646517276764,0.0941958190204042,-0.33697441879638,13.0646517276764,-0.0143570109231088,-0.158250543666704,0.00020909309387207
"153",306,0.132845639242363,-0.221768444870185,1.67259739637375,0.146458585577408,-0.241504042871003,12.8696715831757,0.110321116303128,-0.256667911517235,12.8696715831757,0.0261318697340763,-0.122812767067214,0.00019526481628418
"154",308,0.218626469667638,-0.13370887483047,1.45393427213033,0.23586190049066,-0.146885197797699,12.8610556125641,0.198671288813344,-0.167013108981457,12.8610556125641,0.116876420934772,-0.0283370930547603,0.000206232070922852
"155",31,0.16768096145318,-0.178586994196919,1.5330154299736,0.194570422399547,-0.195210790610993,15.529896736145,0.166259080937509,-0.26124817756688,15.529896736145,0.071584345157152,-0.0768168960338974,0.000197649002075195
"156",310,0.0974574437209264,-0.256105306886321,1.6805700023969,0.118138518784426,-0.26945881595214,13.2003252506256,0.0840773828819458,-0.34664897376011,13.2003252506256,-0.00478200514939508,-0.155709088159712,0.000197410583496094
"157",311,0.18080414879269,-0.161857543235992,1.32555502255758,0.209722508905451,-0.188010616124854,13.1626002788544,0.197678092580878,-0.209002504905591,13.1626002788544,0.0890022294958205,-0.0644584489666353,0.00018763542175293
"158",313,0.189309699242635,-0.161072179151856,1.47380825281143,0.20571362596152,-0.181313998937484,13.6214060783386,0.200426740740994,-0.218145093722706,13.6214060783386,0.0876618168101798,-0.0627503448858735,0.000201940536499023
"159",317,0.22620677299392,-0.126957457266408,1.216868019104,0.241246472525198,-0.136423986720014,12.9842138290405,0.239892037386819,-0.201781704959002,12.9842138290405,0.126732028475005,-0.0215454444270018,0.000210046768188477
"160",319,0.143845667047469,-0.208614723886737,1.80355727672577,0.145925961683571,-0.211433810489559,13.2883832454681,0.218292294332499,-0.346635570202183,13.2883832454681,0.0382354835200378,-0.105949029998475,0.000184059143066406
"161",32,0.107152562666544,-0.235593584333827,1.79648158550262,0.125612963114055,-0.272670584413403,15.2394332885742,0.14939595957134,-0.27566941081174,15.2394332885742,0.00637768811270213,-0.144775912026203,0.000241518020629883
"162",321,0.243009973553111,-0.108680514379871,1.77209295829137,0.248123473902139,-0.120080327055277,13.2305519580841,0.310445200888736,-0.151522446593166,13.2305519580841,0.13873905037581,-0.00410130553018016,0.000184535980224609
"163",322,0.173414538119406,-0.174982897622488,1.6874338944753,0.201751830823986,-0.193297514149923,12.8705067634583,0.161928365246641,-0.239333796313289,12.8705067634583,0.0755763913116818,-0.0739440754087481,0.000193357467651367
"164",324,0.132750010881905,-0.219528972656937,1.31710488796234,0.148581349465041,-0.219528972656937,12.7399768829346,0.136399289010409,-0.503731449230976,12.7399768829346,0.0321292914026189,-0.113920561433112,0.000284194946289062
"165",328,0.167872864503965,-0.184059122160474,1.56431848605474,0.190263945262092,-0.197082265714064,13.0688815116882,0.149529307196181,-0.241474651886316,13.0688815116882,0.0658488028749919,-0.0802365105027328,0.000209331512451172
"166",33,0.222329346246362,-0.125939206859879,2.00789833466212,0.243926605953158,-0.14645155288963,16.1575798988342,0.23817576870074,-0.185515977149884,16.1575798988342,0.125580692721954,-0.0268108398005804,0.000196933746337891
"167",330,0.228387439514284,-0.123093675565184,1.90106150309245,0.251780756707795,-0.134095981065678,12.8361754417419,0.210469551364321,-0.171649244801231,12.8361754417419,0.129180163619339,-0.0161628391495601,0.000189304351806641
"168",332,0.181870236758759,-0.167975292429724,1.43973716100057,0.196174940816526,-0.187545504305831,13.0587418079376,0.218550389455923,-0.230267812683088,13.0587418079376,0.0798240067358753,-0.0698381832183975,0.000388145446777344
"169",333,0.131588825210373,-0.222729230918853,1.56533759037654,0.144339194271377,-0.236050946769507,13.2338976860046,0.130340759635872,-0.263623701345793,13.2338976860046,0.0273419822720781,-0.119407993820368,0.000189781188964844
"170",335,0.196853358947854,-0.155419180587992,1.80744794607162,0.216709387155931,-0.167515501623059,13.1145513057709,0.200323558051346,-0.236866145588807,13.1145513057709,0.0978039581128709,-0.0510856239113148,0.000388622283935547
"171",339,0.154796097338733,-0.195314908129181,1.58614064057668,0.177395247978741,-0.215194957386971,13.1660172939301,0.149909899905464,-0.235496638912534,13.1660172939301,0.0556902258092726,-0.093445000251061,0.000189542770385742
"172",34,0.156590993212601,-0.196896762767127,1.39623383680979,0.174052697332648,-0.207110055208942,14.875914812088,0.131831655923472,-0.244244289688395,14.875914812088,0.0528497118812637,-0.0935205773639306,0.000194549560546875
"173",341,0.15481495321897,-0.195951759767992,1.5730041106542,0.167537921317011,-0.200965222180149,13.1243102550507,0.157039453111449,-0.286678669873624,13.1243102550507,0.0523307712264003,-0.089344009052363,0.000197172164916992
"174",343,0.121627305661156,-0.228485209946947,1.460282878081,0.134401494618084,-0.251612946654138,12.462664604187,0.100005197571079,-0.25733293701648,12.462664604187,0.0144624421839837,-0.129390644196972,0.00033879280090332
"175",344,0.182938875213829,-0.168267984389155,2.04259984095891,0.19632068217275,-0.168866167336649,12.9893634319305,0.173407455364973,-0.299380363332573,12.9893634319305,0.0815956560267366,-0.0607851400037875,0.000197649002075195
"176",346,0.0725903842557346,-0.267419667908137,1.20543798605601,0.0866279195810131,-0.300480755108721,12.9345331192017,0.132843285456289,-0.327174761570218,12.9345331192017,-0.0309250228669189,-0.181779873200584,0.00019073486328125
"177",35,0.201468342772774,-0.153458918314492,2.10007300376892,0.217210793299642,-0.169264296699421,15.668027639389,0.205177927113507,-0.18749141357748,15.668027639389,0.100268584233514,-0.0492175720758805,0.000279426574707031
"178",350,0.200596650230407,-0.152491709970797,1.9221361319224,0.228487743473663,-0.168007099450446,12.8290154933929,0.184174734369364,-0.213914609878677,12.8290154933929,0.0994479109689576,-0.0500400370445965,0.000252246856689453
"179",352,0.21591496723107,-0.136326504824946,1.29191621144613,0.236705876303499,-0.143161456786584,12.475280046463,0.22191057096817,-0.294601209474015,12.475280046463,0.118605347450484,-0.0308641530451861,0.000184059143066406
"180",354,0.172047109002081,-0.180707444037381,1.53013227383296,0.172332725238956,-0.188134106598516,12.5866267681122,0.322104261811698,-0.252951444043265,12.5866267681122,0.0665778851902971,-0.0775909497529123,0.000205039978027344
"181",355,0.18038790457409,-0.170177189533147,1.44176538387934,0.206174506638248,-0.19488088088228,13.3198971748352,0.167540438743314,-0.199870740584597,13.3198971748352,0.0838343955346764,-0.068540910279003,0.000185489654541016
"182",357,0.246204150529888,-0.10442126142384,1.4436888496081,0.266141043036273,-0.114588346218144,12.9831252098083,0.252457512539355,-0.191624147907638,12.9831252098083,0.148823419025228,0.00133541807539004,0.000193357467651367
"183",36,0.144946439165058,-0.203321067895097,1.82892336448034,0.176215506524854,-0.224940511924261,15.108781337738,0.130709872156053,-0.254279565743808,15.108781337738,0.0464103474547132,-0.104274642047153,0.000220060348510742
"184",361,0.266229976269191,-0.0820813870432184,1.70338461001714,0.291694200049205,-0.0960018448466888,13.2597546577454,0.262090215447511,-0.124857579499838,13.2597546577454,0.172338999713519,0.0246687718988965,0.000190973281860352
"185",363,0.140724827534767,-0.207994646644794,1.63157722155253,0.157945536950408,-0.23142213255906,12.6997957229614,0.134736431782238,-0.254029335828328,12.6997957229614,0.0366457755065444,-0.111476540400112,0.000188350677490234
"186",365,0.224159310070843,-0.125287461052229,2.09875275293986,0.248658193706004,-0.130871317737314,12.8495144844055,0.207781021350533,-0.181109765834401,12.8495144844055,0.128368144464121,-0.0162968314071856,0.000388383865356445
"187",366,0.174433317279934,-0.1757788066332,1.28134158849716,0.196716218682824,-0.185471489080568,12.7580559253693,0.177104229708732,-0.249005976116145,12.7580559253693,0.0778805631627182,-0.0691471986558736,0.000217437744140625
"188",368,0.170665735215208,-0.177907347498176,1.31222676436106,0.186689536257023,-0.213738810337924,12.5094752311707,0.148866447473148,-0.214792754238522,12.5094752311707,0.0642561069999405,-0.0835035326587161,0.000185012817382812
"189",37,0.1262499837942,-0.227344774597786,1.36363424857457,0.129714921223046,-0.243229055725051,15.9871923923492,0.225598845330766,-0.282081516570592,15.9871923923492,0.0189439958402833,-0.129453613025889,0.000181913375854492
"190",374,0.163557461822951,-0.186881914661524,1.62072408994039,0.185948625397838,-0.203386785159076,12.4724113941193,0.142327368669512,-0.228533749314225,12.4724113941193,0.0604410040917301,-0.0838331410043621,0.000181436538696289
"191",376,0.212259447015801,-0.140949624485025,1.17079657316208,0.226311888833411,-0.157207424764946,12.893253326416,0.205994958507025,-0.170737408592279,12.893253326416,0.109625358518591,-0.0369360604134268,0.000189304351806641
"192",377,0.194919813216555,-0.160002319932617,1.86316883166631,0.200508861768694,-0.170805603024787,12.3043797016144,0.269345458894568,-0.20077478033983,12.3043797016144,0.0907957883539774,-0.0552893351025954,0.00038909912109375
"193",379,0.155761672731913,-0.198918746971071,1.39524581432343,0.171502494678549,-0.209515267465369,12.4842779636383,0.172210752607814,-0.297412644146873,12.4842779636383,0.055254236900885,-0.0960987567569929,0.000388622283935547
"194",38,0.235536497331303,-0.117231471482327,1.69425135056178,0.244595630067569,-0.124095484477919,16.39222407341,0.260228980852643,-0.204099725022257,16.39222407341,0.132841625961577,-0.0122063613459787,0.000250816345214844
"195",385,0.125798625840706,-0.222888568326989,1.51501866181691,0.137925907678156,-0.246462650443639,12.4641568660736,0.138905028534889,-0.270782015718865,12.4641568660736,0.0194548270861455,-0.127552675378057,0.000205039978027344
"196",387,0.139595632157885,-0.212380499429692,1.27822577953339,0.15117405630899,-0.229141360132635,12.4181280136108,0.193022460207429,-0.254782019432668,12.4181280136108,0.0370324369661893,-0.110635970744156,0.000210762023925781
"197",388,0.101670834113004,-0.251079779224187,1.64868803819021,0.103984369497124,-0.272075342436004,12.4563708305359,0.211000929532098,-0.282751943027524,12.4563708305359,-0.00685795001428774,-0.153555131554986,0.000181913375854492
"198",39,0.193607246184552,-0.159652776212575,1.67216594219208,0.212721519106572,-0.177880619460388,14.9925274848938,0.177539495978726,-0.187973036386719,14.9925274848938,0.0923979602204274,-0.0553171184323498,0.000207662582397461
"199",390,0.0798001227274822,-0.267285028473987,1.7478583574295,0.090635417107813,-0.296583946257885,12.4818780422211,0.114002723592513,-0.305212020584033,12.4818780422211,-0.0271046485118433,-0.174363258258494,0.000187873840332031
"200",396,0.124505037461081,-0.230899233006122,1.28486795028051,0.132460925798644,-0.245110712345615,12.9803762435913,0.147807495712516,-0.273620817699869,12.9803762435913,0.0186088109453939,-0.130027699895758,0.000189304351806641
"201",398,0.243066885598578,-0.106322793075578,1.85211156606674,0.244476764521188,-0.124643704176037,13.0741443634033,0.341580070117979,-0.140689002814929,13.0741443634033,0.135489499837914,-0.00669812779408774,0.000182390213012695
"202",399,0.200494790109632,-0.148963966248997,1.74295926491419,0.225902856267818,-0.168605450501329,12.6992077827454,0.184486259632337,-0.185663032245299,12.6992077827454,0.101300172488319,-0.0459876407291841,0.00020146369934082
"203",4,0.196310361004662,-0.154430499370914,2.16421687205633,0.222118968135607,-0.173305061571745,16.6012525558472,0.184620140254948,-0.201181000567203,16.6012525558472,0.0997221386743278,-0.0532122221484117,0.000899791717529297
"204",40,0.216858275994234,-0.132649471324001,2.26047444740931,0.229277842705403,-0.149412708604119,15.0246443748474,0.22028118938129,-0.186213183285276,15.0246443748474,0.112156165086914,-0.0318277417693014,0.000383377075195312
"205",401,0.200229742317214,-0.153179200184128,1.39329355955124,0.219705270621447,-0.165127159897598,12.3602755069733,0.183897838435456,-0.209421664184111,12.3602755069733,0.0982756822981056,-0.0484949309455424,0.000197172164916992
"206",407,0.164201828143312,-0.181139262261512,1.41982627312342,0.203386391855115,-0.195854529796069,12.5377612113953,0.164350974869609,-0.326213038409704,12.5377612113953,0.0725296464618713,-0.0798471500627478,0.000184774398803711
"207",409,0.150411148045101,-0.202504797217503,1.86921836535136,0.171746407387914,-0.212746222108976,12.6244246959686,0.141482695829086,-0.266109533912903,12.6244246959686,0.0514865121777669,-0.097043013266952,0.000207185745239258
"208",41,0.211837632690531,-0.141310244912625,1.95366749366124,0.221055237889687,-0.153904247388294,15.5899209976196,0.253271837869587,-0.248796057297273,15.5899209976196,0.107694985381601,-0.041619652030773,0.000190258026123047
"209",410,0.17038455379849,-0.174310695693278,1.30137186447779,0.193234990537609,-0.200784579177376,12.6339619159698,0.162483066004711,-0.21569615694502,12.6339619159698,0.0702742138346611,-0.0772193577458615,0.00040435791015625
"210",412,0.15970465388813,-0.19448539753315,1.51681519349416,0.176672659490313,-0.210826299341095,12.4423170089722,0.162936984401748,-0.239384125776022,12.4423170089722,0.0586280306263454,-0.0925130509722481,0.000181674957275391
"211",418,0.13018872822203,-0.221335009816612,1.76769136985143,0.142137769304379,-0.227676115718918,12.7214665412903,0.123349003605507,-0.307407099169059,12.7214665412903,0.0258759206439821,-0.116576000493059,0.000287294387817383
"212",42,0.173757393767619,-0.17775196223794,1.97310500939687,0.201764201979208,-0.189548743072322,15.1758499145508,0.164870425850388,-0.271678428579496,15.1758499145508,0.0773420235156621,-0.0734212191229151,0.000188350677490234
"213",420,0.169334817511707,-0.182563390373461,1.51046591599782,0.180788815213364,-0.19340126196536,12.7729570865631,0.166666087162092,-0.227677330789181,12.7729570865631,0.0651468052651079,-0.077965732082449,0.000185728073120117
"214",421,0.173055798320572,-0.17903609732638,1.85833229223887,0.195700265858902,-0.19459130303228,12.5844519138336,0.162334601418502,-0.234129736217052,12.5844519138336,0.0737557186929584,-0.0760085170765188,0.000194311141967773
"215",423,0.231769993988584,-0.112913109395565,1.3900200287501,0.261931766007071,-0.129783481772602,12.5317726135254,0.242745023791232,-0.213949042792565,12.5317726135254,0.141144523220078,-0.0115986837078363,0.000384092330932617
"216",429,0.239835642110104,-0.108552691903586,1.63669579426448,0.263093268645787,-0.131534084088789,11.8867063522339,0.222894188142636,-0.137784887095188,11.8867063522339,0.14061548708442,-0.00502394464497699,0.000203132629394531
"217",43,0.243277443206638,-0.108026493931671,1.69089651107788,0.266312699076635,-0.130180834982491,15.404527425766,0.230305685835618,-0.142168169219967,15.404527425766,0.144511920125121,-0.00613850025886266,0.000228643417358398
"218",431,0.155562778568293,-0.19703490275378,1.46348567803701,0.163887481538824,-0.209132858715418,12.286217212677,0.200283844987655,-0.290358059775976,12.286217212677,0.0504872760111053,-0.097139277350074,0.000208854675292969
"219",432,0.169696538661968,-0.184210070475911,1.62233164310455,0.183304707425389,-0.205009313548338,12.5856628417969,0.161794306924671,-0.208569275811923,12.5856628417969,0.0666921684255836,-0.0812529633972361,0.000195026397705078
"220",434,0.182828666320765,-0.162121188423875,1.50575788418452,0.207957522039792,-0.18338042261793,12.4697549343109,0.201204441457005,-0.235329354287619,12.4697549343109,0.0877664370838992,-0.0639986364348559,0.000191211700439453
"221",44,0.186329935970877,-0.159031520948355,1.83717442750931,0.200165541302353,-0.188641803252344,16.4643802642822,0.283931941924689,-0.207920980269967,16.4643802642822,0.0855242240394795,-0.0672132192199882,0.000207901000976562
"222",440,0.186223517810295,-0.164724451063171,1.57050449053446,0.210691376940196,-0.173322358477546,12.091849565506,0.179122194996221,-0.240578754538926,12.091849565506,0.0901775864631513,-0.0577401212814472,0.00018763542175293
"223",442,0.131509683092544,-0.217272270570732,1.35252352555593,0.144139988226542,-0.251213293390989,11.8974061012268,0.149325832181959,-0.252054247840865,11.8974061012268,0.0257440640564779,-0.120522384026459,0.000186443328857422
"224",443,0.142340231930899,-0.209305330282023,1.14600712458293,0.160443138364901,-0.224990616377767,12.3922424316406,0.148348855201126,-0.26287303553531,12.3922424316406,0.0416146975801271,-0.106575026224731,0.000212430953979492
"225",445,0.141732165513883,-0.209596958942819,1.74725232124329,0.161497034092713,-0.219764410888577,12.6169710159302,0.140291328426923,-0.279171236368273,12.6169710159302,0.0424908560861609,-0.104484137470486,0.000195741653442383
"226",45,0.185457799222564,-0.164940622131794,1.85688559611638,0.200995346307102,-0.185971537375742,15.6334855556488,0.208740488889003,-0.20512017201074,15.6334855556488,0.0837323542026389,-0.0648571784508784,0.000206232070922852
"227",451,0.0883939304638124,-0.262123863929557,1.5704649011294,0.09857179774888,-0.280103382040918,12.439612865448,0.0932844166706432,-0.304486697374669,12.439612865448,-0.018748552265462,-0.163367578785144,0.000389814376831055
"228",453,0.220484940824861,-0.130859415157912,1.79036849339803,0.228333123391049,-0.141439174005583,12.0331718921661,0.223601583742959,-0.192296658414826,12.0331718921661,0.114121881260439,-0.027303766066661,0.00018620491027832
"229",454,0.147508623558502,-0.202505735459761,1.24635748465856,0.159657167141058,-0.225704135949184,12.4673774242401,0.189449856227627,-0.25080890571557,12.4673774242401,0.0432411184106561,-0.106539107804461,0.000298500061035156
"230",46,0.190115844733572,-0.161244772267162,1.97601455450058,0.20514449606001,-0.174231791243343,15.1821403503418,0.187697191565544,-0.213094711200456,15.1821403503418,0.0876894104143127,-0.0575365665013871,0.000248432159423828
"231",462,0.271880519809057,-0.0706351400814552,1.01365972359975,0.306446735400042,-0.0968260877960545,12.4003381729126,0.262549491487194,-0.100962716291479,12.4003381729126,0.183968040655617,0.0318565284567747,0.000392913818359375
"232",464,0.21106246293237,-0.141185102468749,1.46675114234289,0.226734817504086,-0.151451991905396,12.013325214386,0.209269472760779,-0.246255860917102,12.013325214386,0.108516584137189,-0.0378696051434002,0.000187873840332031
"233",465,0.250426515423528,-0.102957684358486,1.14430312315623,0.266356722676382,-0.104375278893614,12.1245625019073,0.250990763873305,-0.275121074856522,12.1245625019073,0.151039662963965,0.00555924939621758,0.00021815299987793
"234",47,0.0861729055489868,-0.265236211614701,2.16583126386007,0.0880351990518473,-0.287667502923351,15.2655684947968,0.206741577284727,-0.304599812199125,15.2655684947968,-0.0235388593875946,-0.170465986250691,0.000407934188842773
"235",473,0.212511744048385,-0.140635859749561,1.57103153864543,0.237863056219068,-0.169829599786325,12.2666764259338,0.17755650407524,-0.170161673056253,12.2666764259338,0.111004299551982,-0.0364242273439208,0.000287532806396484
"236",475,0.217627025814418,-0.130317411866735,1.5882031083107,0.235703423577144,-0.150896692391087,12.1187160015106,0.22653299792063,-0.16229317354425,12.1187160015106,0.117757357637252,-0.0270405885110398,0.000177145004272461
"237",476,0.187928522205802,-0.162204054963124,1.6041561126709,0.217111127153007,-0.179814232275699,12.3568706512451,0.174767873756468,-0.240377765897637,12.3568706512451,0.0875214105373908,-0.0615707127972356,0.00019383430480957
"238",48,0.163900685690409,-0.190669590872316,2.26181900103887,0.171876669554241,-0.196158739799662,15.3901851177216,0.19205892961043,-0.317255757681737,15.3901851177216,0.0591775793547794,-0.0867580477548414,0.000192403793334961
"239",484,0.126976961583501,-0.2230319221491,1.57339318593343,0.14947724695095,-0.244008599490168,12.1098628044128,0.102016265500315,-0.255046566580405,12.1098628044128,0.0232435605586484,-0.121897514956591,0.000221967697143555
"240",486,0.16248148970285,-0.185613960779978,1.5040681441625,0.183296101951008,-0.205464100293149,11.2773756980896,0.166696921790164,-0.272985249364297,11.2773756980896,0.0626774347655647,-0.0887615599282932,0.000199317932128906
"241",487,0.185817459250672,-0.166810520586628,1.58538231452306,0.190900160150158,-0.178225654227312,12.0155680179596,0.258897296015839,-0.231677998916505,12.0155680179596,0.0798333389100893,-0.0645279333326207,0.000222682952880859
"242",49,0.124559751542449,-0.224187695391022,2.037985988458,0.148294806426315,-0.234859372903043,14.9946866035461,0.1254283202702,-0.315779052901961,14.9946866035461,0.0276103961184095,-0.119701526955641,0.000202417373657227
"243",495,0.234291492560809,-0.120048056239603,1.39004014730453,0.24935426299144,-0.139101136222965,11.3250122070312,0.244704420322424,-0.150445783642797,11.3250122070312,0.13324200626253,-0.017015551939139,0.000187158584594727
"244",497,0.192834679057491,-0.158461894332422,1.80689087311427,0.204560359325443,-0.176397342050817,10.2625396251678,0.19124137673954,-0.178931263319021,10.2625396251678,0.0911858080235643,-0.0529816076427343,0.000212192535400391
"245",498,0.155709811652757,-0.195867653064371,1.67919977903366,0.169080717947508,-0.216809907262298,11.9733188152313,0.162789328295808,-0.227622427937835,11.9733188152313,0.0518071348820429,-0.0953149419165981,0.000248908996582031
"246",5,0.182218130884997,-0.168505234837593,1.4783501625061,0.205029856418088,-0.1848437592632,14.7014298439026,0.172637217661108,-0.209284544385559,14.7014298439026,0.0832999191916678,-0.0641392367827398,0.0012812614440918
"247",50,0.166308101780403,-0.179594520756443,1.09675800005595,0.190643728333647,-0.203138254947028,14.8066186904907,0.171938924902127,-0.251924384273093,14.8066186904907,0.0692913072553102,-0.0839394662853929,0.000189781188964844
"248",51,0.188984328087351,-0.161400159854246,2.29513452847799,0.20544374384436,-0.17274878062386,15.3786869049072,0.165567517725189,-0.209528949513324,15.3786869049072,0.0847719862905618,-0.0572693620744676,0.000190019607543945
"249",52,0.173492057691814,-0.174812661796503,1.67982398668925,0.198134434988213,-0.197303886067829,17.9472148418427,0.163644976622693,-0.230284686653274,17.9472148418427,0.074169972138477,-0.0769439739089871,0.000307321548461914
"250",53,0.161065922686767,-0.191620456062713,2.14290597836177,0.167365347607082,-0.1990565711076,15.2537014484406,0.183031411636519,-0.254955253178292,15.2537014484406,0.0560336407303866,-0.0882112647068562,0.000400781631469727
"251",54,0.187989738590598,-0.159319961659587,2.11707814931869,0.210257516028768,-0.177437333912591,15.0920898914337,0.20622180699608,-0.238646670764171,15.0920898914337,0.0911675565815256,-0.0592250070294554,0.000216245651245117
"252",55,0.120105368954683,-0.232800690094296,2.17086556355158,0.129306789265883,-0.249939723729843,16.5943727493286,0.149633606215431,-0.278243699114255,16.5943727493286,0.0141883114987762,-0.133423511131359,0.000217914581298828
"253",56,0.172167206664239,-0.181460454598136,2.23674920797348,0.189507016762184,-0.202188667041103,15.6845607757568,0.144315488376462,-0.204947168873633,15.6845607757568,0.0688204700103334,-0.0773301470603041,0.000259876251220703
"254",57,0.146562338899168,-0.194760719219123,1.55885148445765,0.183052922113714,-0.225339166721064,15.4590694904327,0.138738995422376,-0.250959586353761,15.4590694904327,0.0522252478425796,-0.101278341257048,0.000192165374755859
"255",58,0.15701433771993,-0.193025979026071,1.52086149454117,0.178205851915686,-0.214200096126523,15.3475255966187,0.1427250183014,-0.229775329925788,15.3475255966187,0.055412757316151,-0.0922543178278167,0.000408649444580078
"256",59,0.246334353693048,-0.104566518492068,1.69241721232732,0.272300922819638,-0.124176128014425,15.0628859996796,0.231586377026182,-0.143408408994212,15.0628859996796,0.148672301265196,-0.00145179232274209,0.000234842300415039
"257",6,0.132333297224605,-0.223376890406321,1.86899799108505,0.141142078502731,-0.240293220933053,14.7402400970459,0.199051953714832,-0.255659988996988,14.7402400970459,0.0287220539775929,-0.121738379289877,0.00103521347045898
"258",60,0.23151722294236,-0.102138106178826,1.42545344432195,0.263093029177456,-0.130334975554146,15.3006002902985,0.262582097122603,-0.163387697133589,15.3006002902985,0.143003034063913,-0.00718276318351712,0.000272750854492188
"259",61,0.193516652985555,-0.161500959195526,1.98483012914658,0.199222675308247,-0.185008532093092,15.4313786029816,0.30148568444766,-0.190645536640643,15.4313786029816,0.0881188924296356,-0.0619128974248605,0.000230789184570312
"260",63,0.243834505217946,-0.104391759852733,1.84753339290619,0.274868665740424,-0.123538348631291,14.9132404327393,0.233196150334359,-0.147967889067864,14.9132404327393,0.15025118247869,-0.00117476949382747,0.000199317932128906
"261",64,0.206183113972275,-0.150012783998899,2.29294808705648,0.216096317596171,-0.163987944263623,14.849701166153,0.225252555867602,-0.193949080286401,14.849701166153,0.102082480778516,-0.0473039128495824,0.000191450119018555
"262",65,0.193821864032761,-0.154632469187687,1.67348718643188,0.225043942483976,-0.1888672181737,16.6815850734711,0.167693528243303,-0.189760188002885,16.6815850734711,0.0951478500461999,-0.0556121064093553,0.000243902206420898
"263",66,0.165374298709813,-0.185157151738446,2.33448196649551,0.187279016569927,-0.200073637247467,15.7287790775299,0.142045175591169,-0.216352051185608,15.7287790775299,0.0634693732571429,-0.0799632640719724,0.000200986862182617
"264",67,0.19946714957348,-0.152037917345185,1.94942266146342,0.212760151851409,-0.159770184210312,14.4873774051666,0.213493617815672,-0.214981947624131,14.4873774051666,0.0985575123477652,-0.0452000772542707,0.000200271606445312
"265",68,0.298657706489689,-0.0540011745178464,1.78598637580872,0.311610138245439,-0.0610710498286724,14.9498736858368,0.313192971604582,-0.110132976831365,14.9498736858368,0.199689105605412,0.053726937478056,0.000194072723388672
"266",69,0.143180529762649,-0.21043883966139,1.95186811288198,0.15538443844759,-0.231273174331076,15.2321398258209,0.175427543675798,-0.244618617020013,15.2321398258209,0.0395511318334385,-0.110420139272342,0.0002288818359375
"267",7,0.13137563445861,-0.222291054193674,2.14171011050542,0.141292147583939,-0.237963083717008,15.4735398292542,0.151194949270227,-0.256773254696363,15.4735398292542,0.0261044401516809,-0.119642537628892,0.000886678695678711
"268",70,0.201594696711784,-0.147701204139759,1.89920005003611,0.208274087254216,-0.173538118809105,14.6256062984467,0.301753131204098,-0.184136169740047,14.6256062984467,0.0958810687695949,-0.0518631287266603,0.000186681747436523
"269",71,0.18947243233022,-0.161410181329915,2.35909639199575,0.203113277333719,-0.168522399692871,14.2915360927582,0.172671116041001,-0.214935240979604,14.2915360927582,0.0864507328934577,-0.0552508077638936,0.000311851501464844
"270",72,0.184376974152671,-0.169348366501938,1.67021194299062,0.194737587506042,-0.174197667960967,15.5686526298523,0.209366167190013,-0.314417103746517,15.5686526298523,0.0809044813773073,-0.0640145319556071,0.000192165374755859
"271",74,0.110769025260434,-0.241938738245812,1.97614539464315,0.116140033635866,-0.25997630832454,14.7889649868011,0.21073160095004,-0.286601217289231,14.7889649868011,0.00392672488285242,-0.143096131387486,0.000192642211914062
"272",75,0.239023496411324,-0.113193628351186,1.62162053585052,0.250741884738317,-0.132428435313728,14.903126001358,0.294289759345827,-0.163357875766342,14.903126001358,0.136634243322856,-0.0131285614934807,0.000257492065429688
"273",76,0.185511646652894,-0.164231716187032,1.40246398846308,0.189164313392415,-0.181442263998681,14.3671126365662,0.30206832165828,-0.211761195050928,14.3671126365662,0.0790539854550204,-0.0648212900193357,0.000198125839233398
"274",77,0.243285874452602,-0.102527006758653,2.21134078900019,0.250128717917041,-0.106072845081076,14.7994539737701,0.282682017936637,-0.177701425797794,14.7994539737701,0.14167716080421,0.00455405628836266,0.00028538703918457
"275",78,0.161757014971852,-0.187749248874684,1.51277116537094,0.185863750890409,-0.21225790845204,15.0218925476074,0.141720267841231,-0.216407531094212,15.0218925476074,0.0615374031738957,-0.0850555546821315,0.000199079513549805
"276",79,0.119956657805576,-0.230595883594691,1.7732536872228,0.132446273188278,-0.254346530231561,14.9589946269989,0.113012105923311,-0.259511010890636,14.9589946269989,0.0134304109177616,-0.131239940340598,0.00019073486328125
"277",8,0.21701865043624,-0.134977835786641,2.03761467933655,0.232448377049446,-0.150729488130107,15.4139103889465,0.251912645515773,-0.181137971412513,15.4139103889465,0.117661821933192,-0.0317744610167365,0.000922918319702148
"278",80,0.176730453653241,-0.175411991371236,2.04967167774836,0.194222181263471,-0.187924127317099,15.1330935955048,0.159085003921116,-0.244911896590538,15.1330935955048,0.0726964905326637,-0.0727176582597634,0.000197887420654297
"279",81,0.199062328151803,-0.152354806870264,2.0686088124911,0.220079071004601,-0.169294258678908,14.4744772911072,0.191542904086791,-0.217511595792853,14.4744772911072,0.0989001531112112,-0.0513339447353011,0.000195026397705078
"280",82,0.155646394743103,-0.197747834714742,1.76541080077489,0.162929738386718,-0.204182721768402,14.6189436912537,0.193165210675135,-0.313975914778057,14.6189436912537,0.0502797177130639,-0.0940770452328858,0.00019073486328125
"281",83,0.203474038461492,-0.148753426350637,1.49529136816661,0.209486019349747,-0.173135553546648,14.4401133060455,0.319541326198378,-0.186879228688006,14.4401133060455,0.0972723773530985,-0.0519819830264951,0.00019383430480957
"282",85,0.182728615966748,-0.170575109433031,1.51951547861099,0.191439591078187,-0.181910405483554,15.0480690002441,0.216321521829828,-0.204650469900203,15.0480690002441,0.079603252128115,-0.0654651823584202,0.000191211700439453
"283",86,0.202024964838383,-0.150391963147511,1.92496154308319,0.221879201748852,-0.172627302650008,14.4765181541443,0.186288461240759,-0.189220190786988,14.4765181541443,0.0998927472190455,-0.0511353632605317,0.000191211700439453
"284",87,0.199800448001792,-0.152677205590274,1.90539238452911,0.219451511895586,-0.157847658937582,14.774599313736,0.195169942262438,-0.268709487093232,14.774599313736,0.101110121257131,-0.0450364520220505,0.000188112258911133
"285",88,0.17406607239996,-0.178458619161885,2.04755161603292,0.193345543002182,-0.188147292879977,14.8914995193481,0.157697974828385,-0.262146762700832,14.8914995193481,0.0712075847421101,-0.0740616369262548,0.000195026397705078
"286",89,0.17393109146098,-0.177131720176875,2.034519358476,0.195894349884701,-0.188571121586764,14.8488261699677,0.155607981909252,-0.205888523643585,14.8488261699677,0.0754627987567183,-0.0693218043405039,0.000197410583496094
"287",9,0.205874605292326,-0.146029570867591,2.03091688553492,0.223043064169499,-0.163400630321148,15.3398621082306,0.1880998465036,-0.17742929447546,15.3398621082306,0.102766844135616,-0.0427064025984741,0.000896453857421875
"288",90,0.237217046215169,-0.114112002493712,1.5177148381869,0.250657414159367,-0.130063886316707,14.6750731468201,0.232554084083382,-0.166071995490288,14.6750731468201,0.133141871091929,-0.0124331046870762,0.000189304351806641
"289",91,0.138911966810149,-0.211735836297157,1.76569248040517,0.155753774098897,-0.230289437426281,15.0270438194275,0.140906755605867,-0.263208221312054,15.0270438194275,0.0359646173127363,-0.11151891465194,0.000218868255615234
"290",92,0.170839526424473,-0.180036710745486,1.92843185265859,0.190491817870255,-0.191606543185347,14.8296320438385,0.155938059630263,-0.217007053679333,14.8296320438385,0.0704354515795707,-0.0733029781314826,0.000184297561645508
"291",93,0.179495402863999,-0.169303746384112,1.89568744897842,0.198806705351009,-0.186009977034856,14.9555072784424,0.191766810351392,-0.260520368551601,14.9555072784424,0.0799071010903429,-0.0697567964973891,0.000187873840332031
"292",94,0.185108960495477,-0.164586681866074,1.64421722888947,0.211020556990658,-0.182535655718149,14.3346893787384,0.173597847910993,-0.198995033571663,14.3346893787384,0.0883105686763286,-0.0603682363004534,0.000193595886230469
"293",96,0.180641931007095,-0.171542900136934,2.04365797837575,0.199516382089663,-0.191947459767452,14.5140144824982,0.170179326579133,-0.214316292314399,14.5140144824982,0.0781200452068141,-0.0713714530714234,0.00018620491027832
"294",97,0.122182355249824,-0.231967592755931,1.9244164387385,0.126416379684617,-0.235270947092951,14.6768715381622,0.172628942993496,-0.362620769240671,14.6768715381622,0.0163180501964814,-0.128090629854272,0.000202417373657227
"295",98,0.161438839854917,-0.191384216835864,1.60942618846893,0.184088640505887,-0.206990758298364,14.7716176509857,0.155362414406783,-0.232064936300669,14.7716176509857,0.0634735313115118,-0.087170029609883,0.000195503234863281
"296",99,0.0918009499275092,-0.260496775875447,2.1840535124143,0.110608683543543,-0.28245116840611,15.3777482509613,0.0767199451144079,-0.304000520451259,15.3777482509613,-0.0125522837683806,-0.162920812922395,0.000193595886230469
