"","simul_idx","up_dw","low_dw","up_t_test","low_t_test","up_catoni","low_catoni","up_cheby","low_cheby"
"1",1,4.37438293523025,2.40664074001258,3.9330799620946,3.00354903311151,4.01406345103919,2.88505328812732,4.1754212787896,2.76120771641651
"2",2,3.16744750345089,1.81964403467244,4.268626160933,-1.8446207894315,3.0641765868149,1.93516642390303,1.9191094669373,0.504895904564207
"3",3,4.18438033437581,2.39341402090954,3.67386340459994,3.05414306223079,3.93204604216038,2.80303587924851,4.07111001460191,2.65689645222882
"4",4,4.01100191014448,1.99096809609886,3.44970189483165,2.65936882401701,3.61183603592022,2.48282587300835,3.76164214061087,2.34742857823778
"5",5,3.83080660235132,1.8652521833857,4.31161503475157,2.29043339728027,3.61252826296407,2.4835181000522,4.00813099720247,2.59391743482938
"6",6,3.87401276782734,1.85712945651435,3.34287776677101,2.14244939636088,3.35941546464192,2.23040530173005,3.44977036275249,2.0355568003794
"7",7,4.25136983422294,2.2191285791861,3.66784653240182,2.8858266001438,3.83503152895834,2.70602136604647,3.98394334745936,2.56972978508626
"8",8,4.04081196232126,2.05391220966516,3.3967908038495,2.74252963649948,3.63360979440651,2.50459963149464,3.77676700136103,2.36255343898794
"9",9,3.92701829992283,1.93141845522283,3.33583076018452,2.0697707985163,3.35698020039407,2.2279700374822,3.40990756053696,1.99569399816387
"10",10,4.29937974569553,2.27419410705833,3.69115991953502,2.85815387006734,3.83931959518382,2.71030943227195,3.98176367598773,2.56755011361463
"11",11,4.01610049944801,1.99421765827342,3.74952027800193,2.24581290342586,3.5902619735067,2.46125181059483,3.70477337190044,2.29055980952735
"12",12,4.09381312349721,2.08992648664384,3.39246537503384,2.52900828895659,3.55415408335588,2.42514392044401,3.66784361318176,2.25363005080867
"13",13,4.20576456497191,2.19838271386778,3.53266209470644,2.78516982721779,3.72929142319606,2.6002812602842,3.86602274214866,2.45180917977556
"14",14,4.06738239094344,2.1369981378121,3.56962417073586,2.09012853874063,3.54236898251458,2.41335881960271,3.53698313592479,2.1227695735517
"15",15,3.77397294469864,1.77780064567349,3.45017409566133,2.41406506422792,3.44626669077181,2.31725652785994,3.63922636113117,2.22501279875808
"16",16,3.90910354656432,1.89042502520539,3.21710829769703,2.39183515237124,3.38470706728492,2.25569690437305,3.51157850622068,2.09736494384759
"17",17,4.00843473185051,2.110004483241,3.38034830481937,2.71293478867299,3.60603513606033,2.47702497314846,3.75374832793273,2.33953476555963
"18",18,3.84921722873018,2.13288897140627,3.34694545088471,2.48986688383501,3.51722733491745,2.38821717200559,3.62551294854641,2.21129938617331
"19",19,3.9935259948645,1.99252010203709,3.41639668275377,2.41826351620157,3.49755921710762,2.36854905419575,3.62443688066422,2.21022331829112
"20",20,4.00341860477872,2.14714837429603,3.41765701791655,2.69644392421842,3.63280624083011,2.50379607791824,3.76415725225403,2.34994368988094
"21",21,4.36200057255891,2.44802916500316,3.74272585450318,3.04371002022794,3.9521057916742,2.82309562876234,4.10032471855211,2.68611115617901
"22",22,4.51914971361835,2.50194496921664,4.08947438609769,3.15817186497797,4.15770830420675,3.02869814129488,4.33092990672438,2.91671634435128
"23",23,3.90229339538357,1.88851075642994,3.27977343892937,2.41515181932771,3.42925857805963,2.30024841514777,3.55456941031509,2.14035584794199
"24",24,4.15894251514024,2.17324226153896,3.9715512287283,2.10663617837381,3.73542262327369,2.60641246036182,3.7462004847376,2.33198692236451
"25",25,3.68002662439187,1.74333596270433,3.08423465010375,1.34958120946242,2.99564313001937,1.86663296710751,2.92401471096963,1.50980114859654
"26",26,3.46269626932016,1.45113181415729,2.82517388121631,1.97673889788053,2.97436694710927,1.8453567841974,3.10806317073497,1.69384960836187
"27",27,4.07573985495861,2.06410662892349,3.42333213029202,2.57313842517959,3.57539119965271,2.44638103674084,3.70534205892236,2.29112849654926
"28",28,4.10558456810701,2.10380022259541,3.45130120810151,2.59326811022265,3.60339913257157,2.4743889696597,3.72939144034863,2.31517787797554
"29",29,4.38302948829809,2.37834965501829,3.96948032062665,2.98378826215736,4.02746279067626,2.89845262776439,4.18374107257855,2.76952751020546
"30",30,3.96435048938632,1.93864943491007,3.40507317210936,2.58219116510762,3.55183813890592,2.42282797599405,3.70073894979504,2.28652538742194
"31",31,3.76006568640616,1.7636715306159,3.18609468098152,2.39756377366718,3.350658279472,2.22164811656013,3.49893600851089,2.0847224461378
"32",32,4.09453299805269,2.10140287687585,3.69728468267768,2.61186878717143,3.6864659816418,2.55745581872994,3.86168351611111,2.44746995373801
"33",33,3.8621590706382,1.85362619147381,3.92769635427441,2.20666478919588,3.47434321825693,2.34533305534506,3.7742873529217,2.3600737905486
"34",34,4.04707446944574,2.03402039056762,3.46390970451749,2.69580836544781,3.63404308887868,2.50503292596681,3.7869658161692,2.3727522537961
"35",35,3.98324724516944,1.97407779770117,3.54135192115686,2.52764351800051,3.58160702670494,2.45259686379307,3.74160450076523,2.32739093839214
"36",36,3.94600003118572,1.9211598036468,3.35723395761072,2.56794839709851,3.52190582239599,2.39289565948413,3.66969795854116,2.25548439616807
"37",37,3.95282156269969,1.98406196532995,3.61399215993468,2.58379792057214,3.63216771456383,2.50315755165196,3.80600182143996,2.39178825906686
"38",38,4.09326740185866,2.09481342499432,3.45971887566892,2.75623497607805,3.66840365001904,2.53939348710717,3.81508370706003,2.40087014468694
"39",39,4.17736920873328,2.19838545015316,3.95634323096056,2.93112918054658,3.95042241094462,2.82141224803275,4.15084298694012,2.73662942456702
"40",40,4.24928951817553,2.22631595516761,3.59986201517856,2.82559447208196,3.78380530931503,2.65479514640316,3.91983502481681,2.50562146244371
"41",41,3.69645028752219,1.70858408071085,2.9945333910327,2.15407508572442,3.15523754256293,2.02622737965106,3.28141101956511,1.86719745719201
"42",42,3.96570965176087,2.14486237744406,3.40450455074536,2.60099595075375,3.59149566769233,2.46248550478046,3.7098570319361,2.29564346956301
"43",43,3.7872030850195,1.75783445585502,3.17115577912475,2.41272607050248,3.35337291411901,2.22436275120714,3.49904770600016,2.08483414362707
"44",44,3.78862021986153,1.94490455582927,3.21437402529386,2.4890058580372,3.42746329565828,2.29845313274641,3.55879672285208,2.14458316047899
"45",45,3.86983149914312,1.84536721054291,3.19977493432261,2.47256722583849,3.40263048958537,2.2736203266735,3.54327786126709,2.129064298894
"46",46,4.08751662949445,2.07843226220235,3.84599407798639,2.72914979829723,3.7908332832476,2.66182312033573,3.99467871932836,2.58046515695526
"47",47,3.95493687038476,1.94359998554646,3.32024004205423,2.3679634135552,3.43544470330794,2.30643454039608,3.55120850899127,2.13699494661817
"48",48,3.82257376076105,1.87565585924139,3.22752005565475,2.1864752258289,3.33514468140617,2.20613451849431,3.41410442192837,1.99989085955527
"49",49,4.1211503784189,2.10513656615634,3.45971644869091,2.72064791686324,3.65601272065103,2.52700255773916,3.79728896396362,2.38307540159053
"50",50,3.99077410212912,2.01469960676217,3.64646700645008,1.5425461951241,3.42503478611817,2.29602462320631,3.30161338197364,1.88739981960055
"51",51,3.79575423934705,1.93175283017723,3.23117056385758,2.56880461861354,3.46774937402344,2.33873921111157,3.60709437242211,2.19288081004901
"52",52,3.98940479692342,2.00109605549312,3.61694355460202,2.6360471711323,3.64231500395425,2.51330484104238,3.8336021440537,2.41938858168061
"53",53,4.05500846127981,2.05147812521897,3.50994926338261,2.69741631215879,3.66111216611507,2.5321020032032,3.81078956895725,2.39657600658416
"54",54,4.0528571644956,2.22100942674726,3.40465067606213,2.7591008001141,3.64363147402381,2.51462131111194,3.78898251927466,2.37476895690157
"55",55,4.50576747721724,2.53313222968442,3.8583415160243,3.1747773393817,4.07954655184941,2.95053638893754,4.22366620888955,2.80945264651645
"56",56,4.17580861703509,2.16586135439543,3.5088333728308,2.64335832947476,3.67013574288181,2.54112557996994,3.78320263233933,2.36898906996623
"57",57,4.24930252355618,2.24518729477385,3.63122667606118,2.82340633382601,3.79882084151276,2.66981067860089,3.93442328613014,2.52020972375705
"58",58,4.07690989287249,2.07860070404174,3.48614736000999,2.64457187431965,3.63091324307074,2.50190308015887,3.77246639835137,2.35825283597827
"59",59,4.34109257862603,2.30850458450737,3.70486970065877,2.82078705427066,3.84336016826281,2.71435000535094,3.96993515865126,2.55572159627817
"60",60,4.08518624598662,2.08479248240043,3.62455381328095,2.44983674401387,3.62216208337322,2.49315192046135,3.74430205983396,2.33008849746086
"61",61,4.29333209544217,2.26506516921847,3.69112086890552,2.74831090769279,3.8096957487086,2.68068558579673,3.9268226694857,2.5126091071126
"62",62,3.50118109399995,1.54904322016265,2.8782310734828,2.02031901663873,3.03739698891979,1.90838682600792,3.15638182624731,1.74216826387422
"63",63,4.17415337400176,2.19458616338595,4.62329709201463,2.52785121842355,3.87402750926796,2.74501734635609,4.28268093640564,2.86846737403254
"64",64,3.87088021040613,1.85485287109887,3.25486150056145,2.28022994985975,3.36663133512897,2.2376211722171,3.47465250639715,2.06043894402405
"65",65,4.26911696808072,2.26738235074622,3.61973512089869,2.75294927718635,3.76668765314021,2.63767749022834,3.89344898022907,2.47923541785597
"66",66,3.69541325517271,1.67084803786671,3.09899367001914,2.20340116279018,3.22550595567538,2.09649579276351,3.35830419759121,1.94409063521811
"67",67,4.03682949715008,2.1006736562373,3.93096306374491,2.74554241616748,3.83141799162627,2.7024078287144,4.04535952114274,2.63114595876965
"68",68,3.85469150134,1.83685154270717,3.26446239568471,2.52467694628989,3.45342985463992,2.32441969172805,3.60167645217385,2.18746288980075
"69",69,4.15443066827088,2.14670865768513,3.51439159623292,2.79836272161406,3.72035989157925,2.59134972866738,3.86348394011004,2.44927037773694
"70",70,3.95440763269932,2.12925779840603,3.36670058680371,2.68564204855688,3.60141676491002,2.47240660199815,3.73327809886684,2.31906453649375
"71",71,3.76274844394364,1.8118168953511,3.0827781492784,2.04164331301764,3.17107342661197,2.04206326370011,3.26931751233457,1.85510394996147
"72",72,4.17736546555159,2.31553061040353,3.67754482984879,2.92134162666024,3.85067448600002,2.72166432308815,4.00655000944106,2.59233644706796
"73",73,3.97340033244578,2.0432761799983,3.29804212174774,2.66707480257945,3.54584495398709,2.41683479107522,3.68966524335014,2.27545168097705
"74",74,4.00510017931848,1.98863708114322,3.47056571168089,2.61730138833891,3.60320327278562,2.47419310987375,3.75104033119645,2.33682676882335
"75",75,4.03344731254701,2.02998901930945,3.81231796200484,2.59438314277711,3.69374760688713,2.56473744397526,3.91045733357753,2.49624377120443
"76",76,3.91501433723537,1.95142478185315,3.67949987898321,2.60600453884477,3.65725649771857,2.5282463348067,3.84985899010054,2.43564542772744
"77",77,3.63440487031153,1.73089808755543,3.0517734687517,2.33010567819165,3.259552166775,2.13054200386313,3.39804635465822,1.98383279228513
"78",78,3.82952777078426,1.81695865231592,3.22301759569031,2.17756199300308,3.2972247297455,2.16821456683363,3.40739657553324,1.99318301316015
"79",79,4.12176825165932,2.09934391597436,3.48895714374598,2.68746327858759,3.6564802867356,2.52747012382373,3.79531699235333,2.38110342998024
"80",80,4.15767886352283,2.16914565085752,3.77952304553399,2.83275522249491,3.83295498357316,2.70394482066129,4.013245915201,2.5990323528279
"81",81,3.94158140700948,1.98306926064868,3.32975897907137,2.60953866007401,3.537864378556,2.40885421564413,3.67675560075924,2.26254203838614
"82",82,4.29283584276113,2.30220342707167,3.688107869504,3.02644600283166,3.91581623388187,2.78680607097,4.06438371735438,2.65017015498128
"83",83,4.07483962243897,2.08861451947935,3.72130106010448,2.74736137230735,3.76749014830531,2.63847998539344,3.94143799739246,2.52722443501937
"84",84,3.8911569261763,1.89525720897238,3.61820970045676,2.35987146844698,3.48241191067339,2.35340174776152,3.69614736563842,2.28193380326532
"85",85,3.71133242475719,1.74156588841984,3.15665492268205,1.7431779983946,3.12435974909641,1.99534958618454,3.15702324172487,1.74280967935178
"86",86,3.91119441754962,1.93899711603566,3.36643702781026,2.33741128266053,3.43143444063476,2.30242427772289,3.55903093642194,2.14481737404885
"87",87,3.93692656030582,2.06844794445176,3.33002943192151,2.56377714468827,3.52542979712301,2.39641963421114,3.65401006949143,2.23979650711834
"88",88,3.94101727701053,1.93909641852976,4.14133704899936,2.15020306390982,3.57232549255202,2.44331532964015,3.85287683764114,2.43866327526804
"89",89,3.93784387671426,2.05771797518314,3.41201577706805,2.66021487651351,3.58356279006468,2.45455262715281,3.74322210797733,2.32900854560423
"90",90,4.09537769514304,2.17107155745436,3.47956585934202,2.7562859753532,3.67850074451201,2.54949058160014,3.82503269853416,2.41081913616106
"91",91,3.64244261308522,1.84211596753889,3.11241976828601,2.49611618479303,3.37017826277782,2.24116809986595,3.51137475772607,2.09716119535298
"92",92,4.14325345670008,2.25979126903928,3.66875772577663,2.85449087712622,3.80372877507459,2.67471861216272,3.96873108263797,2.55451752026488
"93",93,3.93031878993656,1.98377592506414,3.4474614014893,2.48152496622186,3.52898980681001,2.39997964389814,3.67159996504212,2.25738640266903
"94",94,3.75183192959471,1.74675808629514,3.12273190681608,2.11981718794698,3.22262837239389,2.09361820948202,3.32838132856808,1.91416776619498
"95",95,3.38909380325208,1.38981315736416,2.72594561943884,1.94107528276068,2.90943327093329,1.78042310802142,3.04061723228631,1.62640366991321
"96",96,3.93830154895774,2.0099304294275,3.29797395978433,2.63330515431965,3.52645035367899,2.39744019076712,3.67274633823854,2.25853277586544
"97",97,3.78259980157276,1.93200049420413,3.20266985336021,2.45613239758524,3.4104300521123,2.28141988920043,3.53650790665927,2.12229434428618
"98",98,4.09300374549214,2.12485312901298,3.4239176760677,2.75128594472269,3.65792927120544,2.52891910829357,3.79470859158174,2.38049502920865
"99",99,3.78975484061022,1.92331492755454,3.20852679142837,2.49688572527985,3.42897280635257,2.2999626434407,3.55981303954066,2.14559947716756
"100",100,3.81450514485838,1.79666762924816,3.18048256890235,2.17367350985233,3.28906097702029,2.16005081410842,3.38418482056389,1.9699712581908
"101",101,3.42163260017156,1.65218062429976,3.50307409276666,-0.24229102061856,2.88280086479118,1.75379070187931,2.3374983172606,0.923284754887501
"102",102,4.28966624644124,2.3448239196609,4.42253571959698,3.01210152771712,4.14951163228031,3.02050146936844,4.42442540484359,3.0102118424705
"103",103,4.09678976087213,2.15519656521766,3.80121655858234,2.76168875405471,3.78302617687549,2.65401601396362,3.98855943750507,2.57434587513198
"104",104,4.05342552873603,2.06011285874866,3.4197607677182,2.6850402381651,3.61985596928351,2.49084580637164,3.7595072841282,2.3452937217551
"105",105,3.89114822263446,1.91690668932382,3.24747643826691,2.31035625789932,3.37733276596853,2.24832260305667,3.48602312926966,2.07180956689657
"106",106,3.8002374277987,2.00458173054579,3.28677720888546,2.60092296669376,3.51382741414703,2.38481725123516,3.65095686897615,2.23674330660306
"107",107,3.84401710713166,1.84765659969731,3.2947549967136,2.53170022696006,3.46081036304596,2.3318002001341,3.62033439302338,2.20612083065028
"108",108,3.74640140920186,1.78316138645974,3.31560055386865,1.84848005052305,3.24415061244713,2.11514044953526,3.2891470833824,1.8749335210093
"109",109,3.99255107783551,1.99100159811701,3.3298203716994,2.57791196928245,3.52657516493685,2.39756500202498,3.66097295167747,2.24675938930438
"110",110,3.97058974141919,1.98276110627944,3.31255362641718,2.57786102581628,3.51687068246828,2.38786051955641,3.65231410730328,2.23810054493018
"111",111,4.37756139665333,2.39169524829153,3.98398041597178,2.92871132603212,3.99543744103476,2.8664272781229,4.1634526521885,2.74923908981541
"112",112,3.97124662866301,1.97585443865433,3.68942411060798,2.46304213199863,3.62493300091732,2.49592283800545,3.78333990248985,2.36912634011676
"113",113,3.97697834653225,2.13166735824711,5.4499064787093,2.26695521232698,3.87344293398388,2.74443277107201,4.56553762670469,3.15132406433159
"114",114,3.62803775670406,1.60360628858335,2.95516609150003,2.22720889256461,3.15757164903865,2.02856148612678,3.29829427321887,1.88408071084577
"115",115,3.91627372285213,1.99087337251285,3.537076016595,1.95824666107945,3.39385755262861,2.26484738971674,3.45476812002378,2.04055455765068
"116",116,3.62240309291871,1.68060695222116,2.99371301285133,2.27161420388909,3.20283219332826,2.07382203041639,3.33977038955676,1.92555682718366
"117",117,4.02294722986765,2.00260969538922,3.4269855722988,2.59905153512419,3.57571194444898,2.44670178153711,3.72012533489804,2.30591177252494
"118",118,3.80554044516609,1.83782569175841,3.10378327565469,2.06502869642307,3.2092817354691,2.08027157255723,3.29151276722542,1.87729920485233
"119",119,3.92153251240476,1.95884657675036,3.51311525757448,2.36330643544411,3.51121688887212,2.38220672596025,3.64531762769584,2.23110406532274
"120",120,3.91348245044529,1.9087733019003,3.22562347516018,2.49209180520503,3.42858022488948,2.29957006197761,3.56596442136915,2.15175085899605
"121",121,3.90508364775369,1.8895650276833,3.23839825691615,2.55103732462582,3.46029284491317,2.3312826820013,3.60182457195753,2.18761100958444
"122",122,4.01487458394081,2.06273396877635,3.3777120356996,2.62873707903135,3.5770570096135,2.44804684670163,3.71033133855202,2.29611777617893
"123",123,4.17231922604247,2.17926983916937,3.62805889475504,2.25719777746741,3.61460249955694,2.48559233664507,3.64973511729778,2.23552155492468
"124",124,3.91633091766318,1.92878896415096,3.92195758090449,2.52905531866444,3.6631983254983,2.53418816258643,3.93261323097101,2.51839966859792
"125",125,4.00385566256889,1.97860107925206,3.63599862683807,2.50600454599681,3.59427052053503,2.46526035762316,3.77810836760399,2.36389480523089
"126",126,3.7821190183793,1.78843302375243,3.13276952622737,2.21421376115896,3.2633672524175,2.13435708950563,3.38059842487971,1.96638486250662
"127",127,3.78632245733514,1.85654642779582,3.21441881298843,2.46129988088226,3.3909300248845,2.26191986197263,3.54496612812189,2.1307525657488
"128",128,3.99297966542075,1.97855550423527,3.48308893289459,2.59752398588188,3.58943279899456,2.46042263608269,3.74741324057478,2.33319967820169
"129",129,3.99522902352736,1.99613205478347,3.27375841942087,2.38264411561348,3.42258347656466,2.29357331365279,3.53530804870373,2.12109448633063
"130",130,3.73372970796299,1.70916254791381,3.09316021236171,2.34572961614893,3.28537009950457,2.15635993659271,3.42655169544187,2.01233813306877
"131",131,3.77212945174073,1.78306955396526,3.25952574004545,2.46838140492519,3.40988061021564,2.28087044730377,3.57106035367187,2.15684679129877
"132",132,3.75068742280131,1.73233599031072,3.06519566101587,2.26017766952822,3.23812799736449,2.10911783445262,3.36979344645859,1.9555798840855
"133",133,3.89733256795515,1.88018089802082,3.29660077536995,2.41170642654389,3.42779890252119,2.29878873960932,3.56126038214347,2.14704681977037
"134",134,3.7574711719913,1.74322666803653,3.19226708958792,2.39947397301604,3.35380510805183,2.22479494513996,3.50297731248853,2.08876375011543
"135",135,4.10138788294807,2.08697341318764,3.72417229272081,2.65262162911577,3.71956692427093,2.59055676135906,3.89550374210484,2.48129017973174
"136",136,3.74189787275684,1.72843347139856,3.04911837496011,2.14854062208208,3.19315837436326,2.06414821145139,3.30593627970764,1.89172271733455
"137",137,4.05477961553439,2.03253280073284,3.3569794576802,2.63244594446523,3.56492664839373,2.43591648548186,3.70181948225926,2.28760591988617
"138",138,4.0193847109503,2.09400448413656,3.41587252281039,2.71174944398171,3.63212325985189,2.50311309694002,3.7709177645826,2.3567042022095
"139",139,4.01560315111418,2.01317458613922,3.62259340076479,2.54990553318022,3.64950219124051,2.52049202832864,3.79335624815905,2.37914268578596
"140",140,4.12894765056235,2.10777896081617,3.46241056545118,2.58350968975347,3.61171164204598,2.48270147913411,3.73006690878887,2.31585334641578
"141",141,4.00130525638673,1.99876355593497,3.56578119778276,2.6907299278895,3.67270225169765,2.54369208878578,3.83536234402267,2.42114878164958
"142",142,4.37960530768161,2.40162361783602,4.02208293939938,3.01838440747624,4.05409788334975,2.92508772043788,4.22734045462435,2.81312689225126
"143",143,4.1325528704325,2.46991876480828,3.60125509991984,3.00830665140237,3.87029907807568,2.74128891516381,4.01188765684765,2.59767409447455
"144",144,4.11748760230271,2.10074334041375,3.43067396723891,2.57082161568728,3.58327390811596,2.45426374520409,3.70785457264964,2.29364101027655
"145",145,4.1988062900404,2.18436070535706,3.61101059135727,2.83081471812956,3.78079382530479,2.65178366239292,3.92801943592997,2.51380587355687
"146",146,4.35739441062791,2.37191537360292,4.43975338930733,2.92431671782745,4.0990701985347,2.97006003562283,4.38914183475394,2.97492827238084
"147",147,3.62957629047146,1.62791440927208,2.94781092167978,2.26013694294284,3.17086831931959,2.04185815640773,3.31108071349786,1.89686715112476
"148",148,3.72623442576848,2.12521974371173,3.24616185440092,2.63822579614723,3.5076315732244,2.37862141031253,3.64930060646062,2.23508704408753
"149",149,3.92120178650357,1.9554819200906,3.43185621636608,2.39212484246004,3.47855278232953,2.34954261941767,3.61909731059961,2.20488374822651
"150",150,4.01347782546941,2.01020918398189,3.52952736542162,2.62174531047964,3.62608606953122,2.49707590661935,3.78274311913718,2.36852955676408
"151",151,3.89068553378197,1.91628084666175,3.27832560392836,2.1832308500713,3.3388883774102,2.20987821449833,3.43788500818638,2.02367144581328
"152",152,4.23199329013471,2.21062062900713,3.61480976573739,2.90100541874117,3.81759370522358,2.68858354231171,3.96501437342583,2.55080081105273
"153",153,3.86521214883843,1.85249259572788,3.17157827535061,2.37913419216895,3.35040200675335,2.22139184384148,3.48246301494633,2.06824945257324
"154",154,3.75324170616923,1.75863684478885,3.1165102012806,2.17908919044311,3.23217888617737,2.1031687232655,3.3549064770484,1.94069291467531
"155",155,4.03849380203135,2.19436898417072,3.42256869161841,2.75847980801038,3.64960618850771,2.52059602559584,3.79763103100094,2.38341746862785
"156",156,3.92542030093751,2.19702487238861,3.35295073532208,2.74842151176901,3.61580497590888,2.48679481299701,3.75779290473209,2.343579342359
"157",157,3.94129572469024,1.9310801721926,3.2617534725706,2.24230614922924,3.36401003673846,2.2349998738266,3.45913659208647,2.04492302971337
"158",158,3.73093131265615,1.71513157272286,3.09162674480332,2.41570796443278,3.31484832827245,2.18583816536058,3.4607741358046,2.0465605734315
"159",159,3.92797754352233,1.90662175972425,3.26999901981229,2.53037204353707,3.46656367516719,2.33755351225532,3.60729231286123,2.19307875048813
"160",160,3.71973437958522,1.84896782860858,3.34763119421696,1.10077717840284,3.10208114219051,1.97307097927864,2.93131096749645,1.51709740512335
"161",161,3.95053960621784,2.07073335493829,3.32947562549477,2.65175454944921,3.54901854010026,2.42000837718839,3.69772186865854,2.28350830628544
"162",162,3.95067167075015,1.92142874363251,3.32013242055058,2.5590094334185,3.50365986177661,2.37464969886474,3.64667770817108,2.23246414579799
"163",163,3.62232871276748,1.7472071489071,3.02101443699615,2.38247925136139,3.26697756612568,2.13796740321381,3.40885362536532,1.99464006299222
"164",164,3.76289642863858,1.76682683574157,3.07009760725122,2.2620805735338,3.24250817196173,2.11349800904987,3.37319587157906,1.95898230920596
"165",165,3.87336396236698,1.84887453407449,3.31065665063933,2.51919293898609,3.47194775706309,2.34293759415122,3.62203157599926,2.20781801362617
"166",166,3.92482256997089,2.04116601224809,3.32463971950307,2.6254676835496,3.5493422782494,2.42033211533753,3.68216048271288,2.26794692033979
"167",167,4.03752318796953,2.01828656099156,3.3333833643161,2.65312611573294,3.56231293771435,2.43330277480248,3.70036152121107,2.28614795883797
"168",168,3.64537130134577,1.69713238408952,3.25702679968578,1.09191728924209,3.03061035522668,1.90160019231482,2.88157882565049,1.46736526327739
"169",169,4.44496526851288,2.47811791010249,4.56149761643279,2.84684227735975,4.13442091617251,3.00541075326064,4.41127672808282,2.99706316570972
"170",170,3.92329199240474,1.92220947387622,3.29312353915625,2.59145964586181,3.50395136040505,2.37494119749318,3.64939837369558,2.23518481132248
"171",171,3.89298659873113,1.88839993607009,3.26951023552518,2.30228875109913,3.375365976167,2.24635581325513,3.4930062744987,2.07879271212561
"172",172,3.9686200391641,1.95711138980867,3.40671454309156,2.63527540005562,3.57875678336018,2.44974662044831,3.72810175276013,2.31388819038704
"173",173,3.97285185850561,1.96034737039036,3.42317912681803,2.58585044322468,3.56358673741551,2.43457657450364,3.7116215662079,2.29740800383481
"174",174,4.01871569207936,2.09870705312075,3.49001690768204,2.49406437439187,3.56921116032921,2.44020099741735,3.6991474222235,2.28493385985041
"175",175,4.15327996059024,2.13916624560678,3.47440807821167,2.61312417895569,3.62535334581812,2.49634318290625,3.75087290977022,2.33665934739713
"176",176,3.91754579418255,1.88846510063749,3.26493959705074,2.56597409858011,3.47845549226708,2.34944532935521,3.62256362900197,2.20835006662888
"177",177,4.19162961481237,2.20120620401562,3.9165327411752,2.84129411376635,3.88247909616517,2.7534689332533,4.08602020865732,2.67180664628423
"178",178,4.32011880877568,2.3379147839704,3.67240218597027,2.95058392236615,3.88279977357826,2.7537896106664,4.01859983535476,2.60438627298166
"179",179,4.19563965295536,2.17772404521364,3.61677806179667,2.78026203954488,3.76581618472878,2.63680602181691,3.90562683185732,2.49141326948423
"180",180,4.29754854415909,2.30304512251674,3.76920780365728,2.34284026706684,3.73313941498119,2.60412925206932,3.76313081654861,2.34891725417551
"181",181,3.96281165309832,1.97678791086463,3.55814849136983,2.23479765118425,3.51606724629686,2.38705708338499,3.60357985246359,2.18936629009049
"182",182,3.41867771043257,1.64004291307522,2.85737633863,2.02257053614585,3.02528219052368,1.89627202761182,3.14708021857448,1.73286665620138
"183",183,3.8873359573373,1.91412162125686,3.63025684869017,2.62437614517071,3.64266913728051,2.51365897436864,3.83442327811699,2.42020971574389
"184",184,3.95608819044453,1.95684665672084,3.26781842186116,2.38582139332913,3.41232155237826,2.28331138946639,3.53392668878169,2.1197131264086
"185",185,3.47484236603052,1.68113276695315,3.16529958618071,0.585122454553884,2.85782962318004,1.72881946026818,2.58231780155384,1.16810423918075
"186",186,3.99405405167895,2.07752585972613,3.67279447877462,2.4273145305007,3.63341632226346,2.50440615935159,3.75716128582421,2.34294772345111
"187",187,4.46914571681448,2.45175169458748,4.00018663392081,2.98444836184304,4.03461944716788,2.90560928425601,4.19942427906848,2.78521071669538
"188",188,3.7650814141238,1.8490191325088,3.76123304438496,2.22174212746226,3.44065039147896,2.31164022856709,3.69859436711016,2.28438080473706
"189",189,4.30019787754063,2.37703615606806,3.67499391398715,3.03909958551578,3.92436283040471,2.79535266749284,4.06415353093801,2.64993996856492
"190",190,4.0010820209668,1.97457438292872,3.41910721167587,2.56648925154356,3.55494269594224,2.42593253303037,3.69990501279627,2.28569145042317
"191",191,3.54908228597979,1.65805075168993,2.98068517234882,2.3150567107796,3.21393934201205,2.08492917910018,3.35497772275076,1.94076416037767
"192",192,3.80685238775014,1.81167090264392,3.17035443060998,2.20182919951802,3.28040682190666,2.15139665899479,3.39319859625055,1.97898503387745
"193",193,4.39383342548729,2.41100347887548,4.20062994865037,3.13497862939714,4.16804166367523,3.03903150076336,4.3749110702103,2.96069750783721
"194",194,3.93344639409199,2.00253117517075,3.2931255359909,2.17262519860154,3.37074857870361,2.24173841579174,3.43998214848277,2.02576858610967
"195",195,4.11227218547674,2.09203780967221,3.53091141294174,2.65606113095848,3.66426909229318,2.53525892938131,3.80059305313666,2.38637949076356
"196",196,3.891931833314,1.87309780792917,3.31673648857589,2.48993285504741,3.46058639495625,2.33157623204438,3.6104414529982,2.1962278906251
"197",197,3.86448119982736,1.85464701677247,3.28324192921501,2.49317046232865,3.44473351926341,2.31572335635154,3.59531297695838,2.18109941458528
"198",198,3.70154921927149,1.70047158578493,3.21732648646014,2.34993532295252,3.32860937233141,2.19959920941954,3.49073768589288,2.07652412351978
"199",199,3.85697872776836,1.8480736099282,3.42115948649737,2.53199429412061,3.51089912148084,2.38188895856897,3.68368367149554,2.26947010912244
"200",200,4.00146333779269,2.06391600234513,3.33441261846106,2.70000141804092,3.58309741058748,2.45408724767561,3.72431379943754,2.31010023706445
"201",201,3.94314686723482,2.10837401790087,3.34522592594453,2.73048136543801,3.60415877230451,2.47514860939264,3.74496042687782,2.33074686450472
"202",202,3.88603441965823,2.05830890908497,3.34060958340622,2.66391587034377,3.57496064700466,2.44595048409279,3.70936950806155,2.29515594568845
"203",203,3.66479311961752,1.63748107226361,3.13079602791828,2.18365382415862,3.22718675099539,2.09817658808352,3.364331707225,1.9501181448519
"204",204,4.2147143353546,2.20649386470066,3.6711282943307,2.89620532617757,3.84019515189051,2.71118498897864,3.99077359144069,2.57656002906759
"205",205,4.27162605629506,2.2801777652519,3.970649262972,2.83599056652387,3.91921887735123,2.79020871443936,4.11042669593448,2.69621313356138
"206",206,3.97726365016615,2.0059951428199,3.30041891646768,2.63870049555788,3.53400414965282,2.40499398674096,3.67666648719933,2.26245292482623
"207",207,4.15527545724665,2.16747709448568,3.60822989270784,2.77660119450862,3.7563669903299,2.62735682741804,3.89952232479478,2.48530876242168
"208",208,3.9560695364889,1.94278443063516,3.46404197363203,2.37411075126431,3.50896577008683,2.37995560717497,3.62618314363471,2.21196958126162
"209",209,3.99678307236023,1.99323183845137,3.32142333567402,2.58380324534268,3.5267423851257,2.39773222221383,3.65972007169489,2.2455065093218
"210",210,4.08897427348798,2.08909985469821,3.56993381402088,2.44173397653948,3.58154167948992,2.45253151657805,3.71294067646673,2.29872711409364
"211",211,3.9552940032769,2.03015414043491,3.32482383365079,2.60073493841162,3.53867702914757,2.40966686623571,3.66988616721775,2.25567260484466
"212",212,3.97828926072276,1.97944230644538,3.91243555830841,2.52841245991321,3.67280075641391,2.54379059350204,3.92753079029736,2.51331722792426
"213",213,3.74497379281069,1.73380892524556,3.14011842248886,2.19037077509208,3.24975093553737,2.1207407726255,3.37235137997702,1.95813781760392
"214",214,3.96763330419227,1.98399422385947,3.27553609565846,2.53333830711083,3.48149623318362,2.35248607027176,3.6115439825712,2.1973304201981
"215",215,4.32233125790656,2.37647903079074,4.32506026731923,3.06820787475251,4.1613425540672,3.03233239115533,4.40374085222242,2.98952728984932
"216",216,3.48938553830579,1.52444113537086,2.98901333578673,1.24186011763971,2.87952950698577,1.75051934407391,2.82254350789977,1.40832994552667
"217",217,4.27005282428867,2.38309269775347,3.62100717262444,2.96979210818865,3.85748641674148,2.72847625382961,4.00250642159309,2.58829285922
"218",218,4.14381573188435,2.11474869920333,3.46756997165763,2.72815723084526,3.66678806896794,2.53777790605607,3.80497038243799,2.39075682006489
"219",219,3.87021238525058,1.91210942130862,3.26007284498605,1.91451281792306,3.25764306363008,2.12863290071821,3.2943996126411,1.88018605026801
"220",220,3.73358817860835,1.84597445771304,3.39576676567033,1.22316932953392,3.17686433873011,2.04785417581825,3.01657482878867,1.60236126641558
"221",221,4.07027131375225,2.05673526395943,3.44609162570849,2.3949609141058,3.53640176516809,2.40739160225622,3.62763305109369,2.2134194887206
"222",222,4.04340233748728,2.02536150938493,3.48187251673886,2.67835807411271,3.63522672148397,2.5062165585721,3.78722207661233,2.37300851423924
"223",223,4.06903953340278,2.06989510349834,3.4429260357085,2.74707803901186,3.65711726834622,2.52810710543435,3.80210881854672,2.38789525617363
"224",224,4.21575692207411,2.19480638145001,3.58958875002799,2.75553460702323,3.7412193177591,2.61220915484724,3.87966845971216,2.46545489733907
"225",225,4.08344496329795,2.07942571575542,3.46196501278687,2.52208816303097,3.59465647059345,2.46564630768158,3.69913336909547,2.28491980672238
"226",226,3.80475514925919,1.78782425938877,3.24777155878052,2.41730079505793,3.38602268842505,2.25701252551318,3.53964295810577,2.12542939573268
"227",227,3.73732171359631,1.90153565467387,3.10478430692599,2.44393227821097,3.33523291380617,2.2062227508943,3.48146507375503,2.06725151138193
"228",228,4.24169634593744,2.31248228505684,5.21278790811039,2.52603070823348,4.01580045068593,2.88679028777406,4.57651608935849,3.16230252698539
"229",229,3.96986340840878,2.02948965690931,3.29866680281252,2.64672600676426,3.5368579521372,2.40784778922533,3.67980318597494,2.26558962360185
"230",230,4.13307226227607,2.13426931155126,3.85751478282043,2.83087075565444,3.85187428536052,2.72286412244865,4.05129955042398,2.63708598805089
"231",231,4.08476018929834,2.07345585856031,3.47429593567187,2.64490574212923,3.63391212220491,2.50490195929304,3.7667076200871,2.352494057714
"232",232,3.94008096148555,2.02402401527899,3.37771814489627,2.64027623235531,3.56416304449619,2.43515288158432,3.71610396981233,2.30189040743924
"233",233,4.20204062801744,2.24404863506793,4.92872060302343,2.15195539841342,3.77099898265559,2.64198881974372,4.24744478190497,2.83323121953188
"234",234,4.27883019681104,2.280517311199,3.73298729551361,2.90975920655034,3.88398192672076,2.75497176380889,4.02848003221852,2.61426646984543
"235",235,3.93942117708738,1.94535169540739,3.26010322415608,2.4591807356744,3.44016164880609,2.31115148589422,3.56674876110179,2.15253519872869
"236",236,3.93733928643434,1.95651351487112,3.38848397416667,2.52128662652829,3.51738753548554,2.38837737257367,3.66199208153403,2.24777851916093
"237",237,3.98185205914846,2.03113759908505,4.72746091296227,2.33810345645082,3.75049296357294,2.62148280066107,4.23988896589309,2.82567540352
"238",238,3.74462549370851,1.90919545828624,3.19866926369142,2.49769910218405,3.41889723798668,2.28988707507481,3.55529096412428,2.14107740175119
"239",239,3.87824712975782,2.02530087375725,3.72940285353923,0.963155555961803,3.33917007345669,2.21015991054482,3.05338598593707,1.63917242356397
"240",240,3.9300519814336,1.90868946567249,3.31060351299188,2.45878836865051,3.45668731763094,2.32767715471907,3.59180272200774,2.17758915963465
"241",241,3.78312221704463,1.95495588280602,3.21233742832043,2.54581839316488,3.45116268212199,2.32215251921012,3.5861846919292,2.17197112955611
"242",242,4.3176986038255,2.3054298237342,3.6703988981858,2.62529031184432,3.76239290786982,2.63338274495795,3.8549513862016,2.44073782382851
"243",243,3.97065637968718,1.95654532872138,3.31104637339171,2.4466905403585,3.45731947428409,2.32830931137222,3.58597523806165,2.17176167568856
"244",244,3.86033433725402,2.04346372297485,3.33061028683456,2.67205830630785,3.57070463737189,2.44169447446002,3.70844107775775,2.29422751538466
"245",245,3.62142641514518,1.72620979504608,3.03337482917156,2.33618884316401,3.25265379550003,2.12364363258816,3.39188861735433,1.97767505498124
"246",246,3.83756719100648,1.81600742264989,3.182286841125,2.41348238709645,3.36552152075155,2.23651135783969,3.50499139529727,2.09077783292418
"247",247,3.64708802051941,1.69648777805982,2.98035851129539,1.84064424113231,3.03752275181713,1.90851258890527,3.1176081574004,1.7033945950273
"248",248,3.64200166491465,1.81264089856063,3.08420636747475,2.43236238200023,3.32883451425618,2.19982435134431,3.46539115592403,2.05117759355094
"249",249,3.76035007293817,1.75359866723391,3.11945688211429,2.33588521429329,3.29860205838726,2.16959189547539,3.43477782939034,2.02056426701724
"250",250,3.94873538655978,1.96355770584103,3.41125946203483,2.37322989477313,3.47471075105179,2.34570058813992,3.59935145959053,2.18513789721743
"251",251,3.88841564861373,2.13182202824227,4.00033111735656,0.283024206936392,3.38464686666215,2.25563670375028,2.84878444333302,1.43457088095993
"252",252,4.19113589951502,2.17436669589904,3.65732970575215,2.85320835961659,3.80812436974734,2.67911420683547,3.96237581387092,2.54816225149783
"253",253,4.24272209783116,2.24895429678465,3.71977601498942,2.93746362459768,3.87930988801035,2.75029972509848,4.0357266009801,2.621513038607
"254",254,3.87987331582552,1.8821802803827,3.69786634519063,2.45069348730996,3.55569344344459,2.42668328053272,3.78138669743684,2.36717313506375
"255",255,4.27218387508649,2.27649475928486,4.0156746609097,2.91654077263806,3.9777937840473,2.84878362113543,4.17321449796042,2.75900093558733
"256",256,4.00838245430967,2.02531201013195,3.72802942346647,2.70745732430017,3.73805669705748,2.60904653414561,3.92485015506987,2.51063659269677
"257",257,3.90257957430436,1.89974942495308,3.21902713812549,2.26823540342134,3.34072841526621,2.21171825235435,3.45073805195996,2.03652448958687
"258",258,4.23531776687202,2.30428042635767,3.65262322832501,2.92145083871834,3.84351421633222,2.71450405342035,3.99414381470823,2.57993025233513
"259",259,4.03104014750023,2.03043794020425,3.36649259442341,2.57199598189501,3.54387471145277,2.41486454854091,3.67635106934576,2.26213750697266
"260",260,3.69445826333,1.67266098981629,2.98306616014233,2.12536607912987,3.14410929551949,2.01509913260762,3.26132290082265,1.84710933844956
"261",261,3.72050969027769,1.72337362382648,3.04710473328725,2.08695143743631,3.16993994350782,2.04092978059595,3.27413486654833,1.85992130417524
"262",262,3.66603256805741,1.87536073441996,3.12297157466532,2.49838935273065,3.37524209235683,2.24623192944497,3.51778724488453,2.10357368251144
"263",263,4.12104789815447,2.11434754465299,3.70901650732844,2.64269682700227,3.72038813481745,2.59137797190558,3.8829634483519,2.46874988597881
"264",264,4.10864486327628,2.18156310947967,3.44154461738045,2.79446959417201,3.68199437506555,2.55298421215369,3.82511388696277,2.41090032458968
"265",265,3.81410541628856,1.79514385648862,3.41476993560709,2.40685043503754,3.43221381360489,2.30320365069302,3.61791696650887,2.20370340413577
"266",266,4.12813791932582,2.17789990666663,3.52074080227183,2.88315524399482,3.76400316905297,2.6349930061411,3.90905480431987,2.49484124194678
"267",267,3.52435329941243,1.72257013469993,2.93231661824636,1.96085014796954,3.05949422889991,1.93048406598804,3.1536901642945,1.7394766019214
"268",268,4.18716375311891,2.17011240545392,3.59522633220081,2.53218179623903,3.67387361655679,2.54486345364492,3.77081084540647,2.35659728303337
"269",269,3.98264774800474,1.96965033808618,3.43341831116668,2.63703164353017,3.59103890512098,2.46202874220911,3.74233175853497,2.32811819616188
"270",270,3.79752461509002,1.78080276635819,3.21589785431191,2.29482710781919,3.32257874951429,2.19356858660242,3.4624692622521,2.04825569987901
"271",271,4.04005485953611,2.02320985118438,3.3416829612254,2.54044998734926,3.52173016553316,2.39272000262129,3.64817325547388,2.23395969310078
"272",272,3.95843666021723,1.94605403658931,3.2944132433156,2.56307168424971,3.49775658645764,2.36874642354577,3.6358492449692,2.2216356825961
"273",273,3.89245949939203,1.94893235121738,3.2638258568779,2.21696077584882,3.36598587075034,2.23697570783847,3.44750009754991,2.03328653517681
"274",274,3.89806118501567,1.88205909387169,3.48418205283643,2.55192312750331,3.54838289969323,2.41937273678136,3.72515937135642,2.31094580898332
"275",275,3.97313308903632,2.07608917667444,3.37272705514349,2.72111004508126,3.61521340342345,2.48620324051158,3.75402533129892,2.33981176892583
"276",276,3.82714419602347,1.83572519397752,3.27853006327153,2.40130607367771,3.39329610600749,2.26428594309562,3.54702484966117,2.13281128728808
"277",277,3.56888029770632,1.60844893971353,2.96750683176049,1.47042739754338,2.93200978128445,1.80299961837259,2.92607389583848,1.51186033346539
"278",278,3.91970373516254,1.90227139041718,3.51004675420797,2.56021594086561,3.56991611222713,2.44090594931526,3.74223812872334,2.32802456635024
"279",279,3.93449314730135,1.91887237635052,3.3888410541182,2.5691158680821,3.53311165934733,2.40410149643546,3.6860852422867,2.2718716799136
"280",280,4.13677834644064,2.17217399524078,3.61338623268984,2.84904833096353,3.78230586482134,2.65329570190947,3.93832406301323,2.52411050064014
"281",281,4.3703950100906,2.35253173885182,3.68980085001929,2.9319907174349,3.88188149025665,2.75287132734478,4.01800256491364,2.60378900254055
"282",282,3.98572574950697,1.99336871876011,3.33632380297201,2.49673839378243,3.49524078026742,2.36623061735555,3.62363787956377,2.20942431719067
"283",283,3.92386962611058,1.93271412239285,3.38949567900308,2.64013033640131,3.56606619067609,2.43705602776422,3.72191978888874,2.30770622651565
"284",284,4.18456431401821,2.21523983941135,4.25007948689893,2.85742216043354,3.98997846609724,2.86096830318537,4.26085760485278,2.84664404247969
"285",285,4.27837840983294,2.27489600304506,3.77307862406319,2.88825087448383,3.88541590709394,2.75640574418207,4.03777153046005,2.62355796808696
"286",286,3.81797864199155,1.8309785959125,3.15565863428599,2.30908914824277,3.32368679021328,2.19467662730141,3.43948067245093,2.02526711007783
"287",287,4.03145358809675,2.03038408830059,3.35946941962551,2.48156113747963,3.50582691263268,2.37681674972081,3.62762205973912,2.21340849736602
"288",288,4.26082831538308,2.23094890562743,3.63104057050076,2.74582514109053,3.7720146136629,2.64300445075104,3.89553963698219,2.4813260746091
"289",289,3.84692252637139,1.84520982194951,3.20565186617397,2.43089959768168,3.38581562614916,2.25680546323729,3.52538251311437,2.11116895074128
"290",290,4.29419572760236,2.45860696535346,3.75032862650638,3.07601902441404,3.98367258876547,2.85466242585361,4.12028060664676,2.70606704427366
"291",291,4.04682661436187,2.1344215263532,3.43679927732876,2.68489468583907,3.6385854177691,2.50957525485723,3.76795376277046,2.35374020039737
"292",292,4.09456261621602,2.09002437106174,3.9586976288396,2.68370605131841,3.78635989680564,2.65734973389377,4.02830862126555,2.61409505889245
"293",293,3.94524425569762,1.91808776207118,3.53537851121799,2.26530540905396,3.4997237787269,2.37071361581503,3.60744874132252,2.19323517894943
"294",294,4.09458468474066,2.08300046581029,3.67467893589822,2.61727868581207,3.70159595794733,2.57258579503546,3.85308559204169,2.43887202966859
"295",295,3.64427550428978,1.62882075495861,3.06458003216899,2.16059516508927,3.17160761295397,2.0425974500421,3.31969437981568,1.90548081744258
"296",296,4.23342794280826,2.34602726806576,3.57817265252714,2.92930989087721,3.81599952445817,2.6869893615463,3.96084805288872,2.54663449051563
"297",297,3.9766663421192,1.95845232970818,3.47162639513466,2.52857586104054,3.54674954493155,2.41773938201968,3.70720790927415,2.29299434690105
"298",298,3.95243708488244,1.94307547363569,3.68769874952528,2.52868234550133,3.59874620551645,2.46973604260458,3.81529732869985,2.40108376632676
"299",299,4.08010921375939,2.09440016010897,3.67325475145381,2.78792491059191,3.77380615263835,2.64479598972648,3.9376966122094,2.52348304983631
"300",300,4.02269730643108,2.0606586789862,3.66044677319575,2.58746209649215,3.66558701600759,2.53657685309572,3.8310612160305,2.41684765365741
"301",301,3.81834846259994,2.06176597401626,3.34652740313808,2.74911652268358,3.61151329397704,2.48250313106517,3.75492874409738,2.34071518172428
"302",302,4.08273817665235,2.10728025745937,3.43803254858949,2.63419484897307,3.62035049532821,2.49134033241634,3.74322047996783,2.32900691759473
"303",303,3.93420393050772,1.98780609431118,3.46393283380279,2.56762505412957,3.57269742368418,2.44368726077231,3.72288572515273,2.30867216277963
"304",304,4.04059845961317,2.05004432165983,3.62311791784313,2.75271101331396,3.71765170377034,2.58864154085847,3.89502124676509,2.480807684392
"305",305,4.03055456952438,2.14222151085448,3.58532829339338,2.74976737989488,3.70720153742157,2.5781913745097,3.87465461783068,2.46044105545758
"306",306,3.76953559274601,1.76699510169612,3.48091099385044,2.4348292960283,3.47263539523295,2.34362523232108,3.66497692612592,2.25076336375282
"307",307,3.76736001966631,1.85651574134861,3.32798053656545,1.70829829401051,3.21760123971753,2.08859107680566,3.22524619647453,1.81103263410143
"308",308,3.88557482103439,1.87909034254373,3.27452918191078,2.44696869050817,3.43306839996687,2.304058237055,3.56785571739602,2.15364215502293
"309",309,3.16692758537147,1.18346015994814,2.5091080415654,1.50639934827235,2.61018579789356,1.48117563498169,2.71486047610543,1.30064691373233
"310",310,3.77082025197054,1.77730464756456,3.23038387281524,2.24795453785084,3.323105241046,2.19409507813413,3.44627598651959,2.0320624241465
"311",311,4.03722460746226,2.03420523795442,3.53549227080507,2.63842949353374,3.64450453115237,2.5154943682405,3.79406766335595,2.37985410098286
"312",312,3.49062224448501,1.47068752491087,2.83302958261047,2.02375549923821,3.00403322197008,1.87502305905821,3.13549932211089,1.7212857597378
"313",313,4.01912940890336,2.00960260206355,3.45848444230454,2.60093658882068,3.58751679412902,2.45850663121715,3.73681729674916,2.32260373437606
"314",314,4.39420751314743,2.38192229289717,3.67679377484065,2.91704915589154,3.87400926990634,2.74499910699447,4.00402824655264,2.58981468417954
"315",315,3.93151850405082,1.92967487177099,3.350484454969,2.49588712787108,3.48900273780431,2.35999257489245,3.63029257260659,2.21607901023349
"316",316,4.00294086732291,2.03535464762553,3.37301554541025,2.71154918067494,3.60690344382654,2.47789328091467,3.74938914422914,2.33517558185605
"317",317,4.10138117983965,2.07910264604381,3.49014716979784,2.76094550240987,3.68610947638675,2.55709931347488,3.8326531172904,2.41843955491731
"318",318,3.53495443661864,1.64559082285213,2.96131218729861,2.27109033663279,3.18309752111971,2.05408735820785,3.32330804315225,1.90909448077915
"319",319,3.93643435791903,1.93308544235175,3.38085839267634,2.65311571380102,3.57174053128595,2.44273036837408,3.72409383442523,2.30988027205213
"320",320,3.6852124799133,1.89690795528933,3.15800956596731,2.44280932593692,3.3795699537432,2.25055979083133,3.50751622713866,2.09330266476557
"321",321,4.06185914730021,2.11830977862156,3.52602508327416,2.74933176464233,3.69422345887361,2.56521329596175,3.84478520514479,2.4305716427717
"322",322,4.38510549502204,2.42060683225897,4.31959512251255,2.98951353380477,4.12879153279772,2.99978136988585,4.3616611093452,2.94744754697211
"323",323,3.81160008145751,1.80548366155912,3.29725271110796,2.42887437370203,3.41965895207642,2.29064878916455,3.57017032359154,2.15595676121845
"324",324,3.96862091416033,1.97476022832871,3.79226850988551,2.55951962686384,3.65943773579425,2.53042757288238,3.88300084956122,2.46878728718813
"325",325,4.11489667304738,2.21355530051474,3.50129826953428,2.8053463347268,3.72481169925751,2.59580153634565,3.86042908331709,2.44621552094399
"326",326,3.60821172555013,1.60508278061708,2.92326223050038,2.03587886174205,3.06473213055034,1.93572196763847,3.18667732730776,1.77246376493467
"327",327,3.51328181426034,1.95335331921078,3.00297790394559,2.4338626450348,3.27890974370398,2.14989958079212,3.42552705567675,2.01131349330365
"328",328,3.99982593797603,2.05661159851459,3.35551764430193,2.50431686365548,3.52449870418868,2.39548854127681,3.63702403516525,2.22281047279216
"329",329,4.49522264181378,2.48016501791081,3.85257041911966,3.16362028131281,4.07140871205969,2.94239854914782,4.21520213140279,2.80098856902969
"330",330,3.64193315717926,1.64669898230832,3.04159384494135,1.87866334646185,3.09016140673092,1.96115124381905,3.16723537688815,1.75302181451505
"331",331,4.22437773332673,2.21990481641311,3.70005735464091,2.37380737030001,3.69153606758,2.56252590466814,3.74403914365701,2.32982558128391
"332",332,4.0593749489856,2.09169312178425,3.54881573701251,2.53019844525385,3.6175227389777,2.48851257606584,3.74661387231972,2.33240030994663
"333",333,3.99513640618556,1.9826713164044,3.32834436758094,2.57188877462881,3.51860495018071,2.38959478726884,3.65722335229142,2.24300978991832
"334",334,4.17652372745112,2.16490217571942,3.56305989577276,2.84841508492777,3.76583789535129,2.63682773243942,3.91284427153681,2.49863070916372
"335",335,4.06473001041111,2.15996950307552,4.3807390141924,2.67908280111681,3.91331756988202,2.78430740697015,4.23701768884116,2.82280412646806
"336",336,4.08728630358172,2.23576528363767,3.46800628026109,2.79102930354732,3.69233060756733,2.56332044465546,3.83662457309075,2.42241101071766
"337",337,4.14841612788974,2.13327446208383,3.58102386622444,2.83331280748207,3.76344209682738,2.63443193391551,3.9142751180398,2.50006155566671
"338",338,4.53796988204933,2.52122089579338,4.07153969046051,3.19911644534831,4.17630125937018,3.04729109645831,4.34243484909096,2.92822128671786
"339",339,3.8252199783079,1.9385317558814,3.30683756295754,1.97833004789961,3.32650640415475,2.19749624124288,3.34969058661512,1.93547702424203
"340",340,3.99007810107969,1.97471973806977,3.45254830580575,2.65324659818306,3.60345467787593,2.47444451496406,3.76000423318095,2.34579067080786
"341",341,3.7425831048346,1.75686629947697,3.46901241130965,2.12505545361029,3.35149437944246,2.22248421653059,3.50414071364652,2.08992715127343
"342",342,4.23959245240647,2.24275038376242,3.78120588463353,2.95173141509558,3.90543755126388,2.77642738835201,4.0735754310511,2.65936186867801
"343",343,3.77923943584852,1.76237294494293,3.18706758072787,2.43265969714541,3.36914094213005,2.24013077921819,3.51697042012319,2.10275685775009
"344",344,4.09751549750728,2.1353511736662,3.48954882321447,2.75734522936476,3.68859509938104,2.55958493646917,3.83055380747616,2.41634024510307
"345",345,4.24131936860202,2.23023891330532,3.6645764704604,2.88157264363873,3.83441250852851,2.70540234561664,3.98018133823611,2.56596777586302
"346",346,3.83142989421841,2.0690598278301,3.32025407238314,2.69443907440128,3.57723535123083,2.44822518831896,3.71445335457876,2.30023979220567
"347",347,3.95912864585969,1.94364026520854,3.35147754495563,2.56515644910019,3.52469989226198,2.39568972935011,3.66542377821446,2.25121021584136
"348",348,4.01259906747423,2.03066759581069,3.55740274221931,2.75373676192163,3.69947872386903,2.57046856095716,3.86267653325702,2.44846297088393
"349",349,3.99098775379363,1.97826312974603,3.33367866030297,2.56239554432995,3.51783987150368,2.38882970859182,3.65514388350301,2.24093032112991
"350",350,4.2686004303622,2.2935943188823,3.5997018410414,2.93692923956959,3.83403067868292,2.70502051577105,3.97542232149204,2.56120875911895
"351",351,4.02817129797009,2.04030246870876,3.82127854275095,2.20716117270711,3.64137267898247,2.5123625160706,3.72132663891558,2.30711307654248
"352",352,4.14530965211769,2.1358681913931,3.48695364823686,2.77263814002169,3.69537075496345,2.56636059205158,3.83690267531582,2.42268911294273
"353",353,4.04019984770328,2.036378334722,3.82996614093101,2.53109866897439,3.68225434671159,2.55324418379972,3.88763918613925,2.47342562376615
"354",354,3.86868319984353,1.84860440133789,3.36990149941144,2.17902415914989,3.38477312238407,2.2557629594722,3.48156961046721,2.06735604809412
"355",355,4.03443953922032,2.044773408769,4.32866458263401,2.42303593320553,3.71939558309626,2.59038542018439,4.08295703910632,2.66874347673322
"356",356,3.99752729957926,1.96955435634465,3.60295714566188,2.52108799382364,3.59289481269725,2.46388464978538,3.76912935092931,2.35491578855622
"357",357,4.16132696377143,2.1688252583765,3.50362615406281,2.67073253905888,3.66093586493466,2.53192570202279,3.79428612774739,2.38007256537429
"358",358,3.83984590771261,1.84735923615035,3.16780364574992,2.48712675977805,3.39169469434396,2.2626845314321,3.53457198395053,2.12035842157744
"359",359,3.67923774008474,1.81225558504054,3.02034540869013,2.38764045716879,3.26534702323056,2.13633686031869,3.411099714116,1.99688615174291
"360",360,4.30603816196055,2.29734719654282,3.66790026401673,2.71160655796246,3.78246489138007,2.65345472846821,3.89686019217614,2.48264662980305
"361",361,3.87347847495176,2.00959643927093,3.31837629510366,2.62579742224588,3.54021646145297,2.4112062985411,3.67919363986131,2.26498007748822
"362",362,3.96951054362986,2.04679724299,3.35533346393401,2.66580544693449,3.57445769417389,2.44544753126202,3.71767623662079,2.3034626742477
"363",363,9.32005609636928,7.90584253399619,17.8426692791264,-0.616770648760941,4.32028408131172,3.19127391839985,9.32005609636928,7.90584253399619
"364",364,3.72879201561156,1.77811424161115,3.08415866640032,1.93575526032381,3.15455427318131,2.02554411026944,3.21706374454861,1.80285018217551
"365",365,4.28351580813922,2.27613274297394,4.29820801476867,2.74977155717968,3.94890064558949,2.81989048267762,4.23109656716073,2.81688300478763
"366",366,3.98879509440653,1.97405775032421,3.68385756688496,2.6439619771143,3.6735271979284,2.54451703501653,3.87101655318618,2.45680299081308
"367",367,3.88792270400973,2.1715321683653,3.39844653819586,2.30001856937602,3.49433139231929,2.36532122940742,3.55633933497249,2.14212577259939
"368",368,3.71323376671066,1.70622065962109,3.23924182260972,2.25364433423664,3.31145844109816,2.18244827818629,3.45354985960973,2.03933629723663
"369",369,3.96342977987909,2.00649154453701,3.30641522566652,2.17279374006215,3.3654290001834,2.23641883727153,3.44671126405088,2.03249770167779
"370",370,4.05646034423258,2.07432465494557,3.66346074821694,2.51098656590995,3.63613816703587,2.507128004124,3.79433043824999,2.3801168758769
"371",371,3.95379247893318,2.06645178449756,3.3184893708361,2.65721107630278,3.55082228912999,2.42181212621812,3.69495700475599,2.28074344238289
"372",372,4.06563448771423,2.11490391320549,3.42656909634657,2.59667250814816,3.60279713603357,2.47378697312171,3.71872758343391,2.30451402106082
"373",373,3.72682394347011,2.15398672880067,3.21591766965227,2.64633568825361,3.49504887077683,2.36603870786496,3.63823346013949,2.22401989776639
"374",374,4.69438204436155,2.66925473668865,4.21885339144488,3.36386332170742,4.33704004975094,3.20802988683907,4.4984651377627,3.0842515753896
"375",375,4.20161615766196,2.22649959017998,3.73401129541256,2.66079733083271,3.77602818918517,2.6470180262733,3.90451109430918,2.49029753193609
"376",376,3.92606471066047,1.94663012639592,3.21445741279243,2.46765215052561,3.41529673947932,2.28628657656745,3.54816156284557,2.13394800047247
"377",377,3.64439892660675,1.64010010669612,2.99123927687181,2.05038566277699,3.10526299892396,1.97625283601209,3.22791925101095,1.81370568863785
"378",378,4.10904279797733,2.11543863691723,3.48640147515596,2.74790971467383,3.68259355932903,2.55358339641716,3.82426237610144,2.41004881372835
"379",379,3.87667639926155,1.85190680371474,3.19755505768622,2.40698992798632,3.37666849632538,2.24765833341351,3.50937927402282,2.09516571164972
"380",380,4.12081354167705,2.19425883308748,4.45427607474727,1.16645341096125,3.73247999190269,2.60346982899082,3.5174715240408,2.10325796166771
"381",381,4.13126557628786,2.11985530561233,3.68681203427444,2.78551400807696,3.77939000017534,2.65037983726347,3.94326980236225,2.52905623998915
"382",382,3.74277998438905,1.87099845362747,3.1781590201386,2.50190559687745,3.40842290576761,2.27941274285574,3.54713908969457,2.13292552732148
"383",383,3.54493253987109,1.71807782391844,2.89032276120461,2.26478404234792,3.13894628785773,2.00993612494586,3.28466018296281,1.87044662058972
"384",384,3.73305398010827,1.83668799816374,3.18721040942349,2.48160128674443,3.38550635479808,2.25649619188622,3.54151262927051,2.12729906689741
"385",385,4.05699599112682,2.04448744059666,3.37202722256377,2.63570047318024,3.57379474220086,2.444784579289,3.71097062905855,2.29675706668546
"386",386,3.88090671992455,1.91560764919542,3.36160525428332,1.89730315095939,3.31462243649642,2.18561227358455,3.3365609838079,1.92234742143481
"387",387,4.17798370909166,2.17035134295695,3.79698858538624,2.90047655194302,3.8760566722426,2.74704650933073,4.05583934985118,2.64162578747808
"388",388,4.27166979097693,2.33414281475612,3.68957571200092,2.9733688867632,3.88963637784261,2.76062621493075,4.03857908056861,2.62436551819551
"389",389,3.76834882805303,2.16778697508716,3.25305221218358,2.66769885090929,3.5251889766515,2.39617881373964,3.66748231273298,2.25326875035989
"390",390,3.98672019142929,1.98632763147406,3.32079633411682,2.48130639439911,3.48686935895666,2.35785919604479,3.60815814544452,2.19394458307142
"391",391,4.21216801559449,2.19135780090674,3.57448460000058,2.76418303414899,3.73903093623139,2.61002077331953,3.87644059826133,2.46222703588824
"392",392,3.98926236893514,1.9834235266884,3.44881615329831,2.66161473667772,3.61128058989107,2.4822704269792,3.76232222617456,2.34810866380147
"393",393,3.93991852833452,1.94170254933119,3.3731974659207,2.6201100690412,3.55533539165875,2.42632522874688,3.70376054866749,2.2895469862944
"394",394,4.03913816484598,2.09558106395605,3.69753135606647,2.62810023328835,3.70705077438142,2.57804061146955,3.86992257586396,2.45570901349086
"395",395,4.08097815267664,2.07278435218801,3.49377249954223,2.70434430697466,3.66043717463693,2.53142701172506,3.80616518444499,2.3919516220719
"396",396,3.92094015771625,1.94102610350549,3.35736884702215,2.52031972402803,3.5027857706241,2.37377560771224,3.64595106671164,2.23173750433854
"397",397,3.92317602003848,2.19400996476549,3.43020817661395,2.70110474375179,3.64374021396245,2.51473005105059,3.77276324136942,2.35854967899632
"398",398,3.90391165209952,1.91889301265306,3.30761388608142,2.06398853300778,3.32183749525564,2.19282733234377,3.39290799073115,1.97869442835805
"399",399,3.98781936187366,1.95832218660687,3.43004027757772,2.45064218901626,3.52351226833617,2.3945021054243,3.64744801448354,2.23323445211044
"400",400,4.26600043623164,2.36880560405529,3.66120808708233,2.99154467340614,3.89179087699721,2.76278071408535,4.03348316143078,2.61926959905769
"401",401,4.15403599110681,2.15089621216063,3.97487334632528,2.70394069606254,3.83378364481821,2.70477348190634,4.04651380238046,2.63230024000736
"402",402,4.32479078787317,2.37057351708842,3.69103063308594,2.9882431107747,3.90267337293295,2.77366321002109,4.04674365311687,2.63253009074377
"403",403,3.5547864430282,1.55413229501468,2.85881482818271,2.08902236952276,3.04628195990577,1.9172717969939,3.18102538003928,1.76681181766619
"404",404,4.12820819762512,2.13964026871928,3.48834679653443,2.77265334523287,3.69322812580743,2.56421796289556,3.8376068520702,2.4233932896971
"405",405,4.00738789467019,1.99043427245808,3.57547365582333,2.64028125011436,3.64177015560939,2.51275999269753,3.81498423415539,2.40077067178229
"406",406,4.27329798000527,2.25186331564041,3.88811913903888,2.7469737569013,3.85541379951355,2.72640363660168,4.02465322915664,2.61043966678354
"407",407,4.05051308709416,2.06902945781872,3.39178891227234,2.57747399493058,3.55788611958917,2.4288759566773,3.69173823478801,2.27752467241492
"408",408,3.6884011658843,1.66441604960775,3.02357245175897,2.32141208026695,3.23874125228291,2.10973108937105,3.37959904719951,1.96538548482642
"409",409,4.18474908753067,2.16829555044738,3.77194180919365,2.88265881742299,3.86243571832751,2.73342555541565,4.03440709449487,2.62019353212177
"410",410,4.21619055499945,2.25476116734015,3.63262674126469,2.97579193152758,3.86139287493192,2.73238271202005,4.01131611758268,2.59710255520958
"411",411,4.11491302917807,2.22374083757938,4.10561598516384,2.778416867122,3.9158506397902,2.78684047687833,4.14912320732947,2.73490964495637
"412",412,4.12089321226279,2.10683712049322,3.47378319400771,2.37055472726687,3.55009749841734,2.42108733550547,3.62927574182384,2.21506217945074
"413",413,3.66506076428877,1.69763636959254,3.01356653775249,2.35313543032043,3.24474098492891,2.11573082201704,3.39045776522301,1.97624420284991
"414",414,4.13329997819719,2.11190925031145,3.46855561864472,2.69589892115493,3.65264599123173,2.52363582831986,3.78933405108638,2.37512048871328
"415",415,3.47343818057978,1.69606062824009,2.93471696844551,2.18397183433258,3.14023564828531,2.01122548537344,3.26645118257559,1.8522376202025
"416",416,3.89560632465255,1.86054978136387,3.27967643617647,2.53512784966635,3.46766544833542,2.33865528542355,3.61450892410796,2.20029536173486
"417",417,3.84937506568742,1.85345836215729,3.20429783377632,2.33715704779309,3.34688184817539,2.21787168526352,3.47783422197125,2.06362065959816
"418",418,4.03841415640455,2.04608904896451,3.48829952408777,2.57389202832635,3.60447573118347,2.4754655682716,3.73820255739361,2.32398899502052
"419",419,4.1262798117622,2.12644838219699,3.56339202385021,2.27566537325035,3.56617497830832,2.43716481539645,3.62663547973683,2.21242191736374
"420",420,3.79751763872985,1.83581607814048,3.43025040272874,1.17361460084229,3.18009696135272,2.05108679844085,3.00903928297207,1.59482572059897
"421",421,4.35173968010601,2.70916684555569,6.71180542655915,2.29721152168526,4.22486956256065,3.09585939964878,5.21161525530876,3.79740169293566
"422",422,4.27093261750319,2.35278031180254,3.667305045656,2.78023214006394,3.82116363018438,2.69215346727252,3.93087537404652,2.51666181167342
"423",423,3.51506774833095,1.60420279901892,2.9124125197255,2.20289123023689,3.12866982659306,1.99965966368119,3.26475865616775,1.85054509379465
"424",424,4.18530709814004,2.28937650403279,3.57679664035912,2.81653343297573,3.77249007595857,2.6434799130467,3.90377181785398,2.48955825548088
"425",425,4.02659595546522,2.00310274404323,3.38581593889681,2.63384741603595,3.57444660709274,2.44543644418087,3.71693845865292,2.30272489627983
"426",426,3.47469731465402,1.45324088540456,2.91378371059278,1.7544341538403,2.96226692631445,1.83325676340258,3.04121571340308,1.62700215102999
"427",427,3.8924344545606,1.88782699663061,3.27596256252126,2.49951802188772,3.45216438955807,2.3231542266462,3.59484707339104,2.18063351101794
"428",428,4.00458098314302,1.98057522379088,3.39816243363485,2.62119288896982,3.57052803155457,2.4415178686427,3.71678444248888,2.30257088011578
"429",429,4.17392239872202,2.17163802238392,3.59924480372446,2.72439867506056,3.72261462577324,2.59360446286137,3.86892852057906,2.45471495820596
"430",430,1.94724636060194,1.63266473892197,4.00055297327389,-3.98438798505393,2.40050141266445,1.27149124975258,0.715189275296525,-0.69902428707657
"431",431,3.91450770743615,2.12993777197891,3.3020822746494,2.67298412759328,3.54665418840522,2.41764402549335,3.69463998230789,2.28042641993479
"432",432,3.51626146561945,1.58292120064146,2.96290854060259,1.50873184427567,2.92997023669807,1.8009600737862,2.94292697362568,1.52871341125258
"433",433,4.14549095532718,2.13163796590786,3.7585334435264,2.80157215675696,3.80895096940672,2.67994080649485,3.98715958132823,2.57294601895513
"434",434,3.62547708061272,1.76097227235881,3.40426075148622,2.29608113574903,3.34147305216332,2.21246288925145,3.55727772480417,2.14306416243108
"435",435,4.15194034767999,2.19023513588779,3.51025979093976,2.84770445956095,3.74490431571094,2.61589415279907,3.8860889064369,2.47187534406381
"436",436,3.84602181635262,1.89771818383473,3.22670630912401,2.52991544216917,3.43871155305654,2.30970139014468,3.58541765683314,2.17120409446004
"437",437,4.290672053659,2.28142619612494,3.82848133239339,2.78882993607858,3.86216442047456,2.73315425756269,4.01576241542253,2.60154885304944
"438",438,4.05127300213029,2.04083469448676,3.3879685793115,2.62191184206464,3.57307545663284,2.44406529372097,3.71204699187462,2.29783342950152
"439",439,4.22794637642846,2.21240149085916,3.82080392990256,2.78863745626135,3.83363544787927,2.7046252849674,4.0118274742685,2.59761391189541
"440",440,4.40062547958631,2.65579078181464,6.05750884635963,2.54902692336101,4.25530895410731,3.12629879119545,5.01037466604687,3.59616110367378
"441",441,3.76118871367465,1.97820917140753,3.13661788102902,2.49198413250286,3.37409060840999,2.24508044549812,3.52140778795249,2.10719422557939
"442",442,3.70004393299866,1.81336846646967,3.1015516828632,2.17021295239444,3.24598944864315,2.11697928573128,3.34298909881537,1.92877553644227
"443",443,4.14348998008309,2.27489568043086,3.73928667940237,2.81405231940565,3.79824744147616,2.66923727856429,3.98377628059056,2.56956271821746
"444",444,4.18740618922315,2.26133025429192,3.87228199509479,2.61779565165544,3.78760873078662,2.65859856787475,3.95214560456166,2.53793204218857
"445",445,4.28472769938789,2.27408177929818,3.87912936643158,2.98212080177288,3.96221587125997,2.8332057083481,4.13773186528878,2.72351830291568
"446",446,3.96854554055535,2.02049887066416,4.45450316066142,2.43970559710291,3.75204950630898,2.62303934339711,4.15421116006871,2.73999759769562
"447",447,3.96241872055532,2.01390239324042,3.33385530630962,2.49366245230886,3.50276884280053,2.37375867988866,3.62086566049579,2.2066520981227
"448",448,4.46625626650962,2.45011412145018,3.84727733880111,3.04552679479244,4.01359727770667,2.8845871147948,4.15350884798332,2.73929528561023
"449",449,3.77523064189627,1.9048197868534,3.11840727571733,2.48202546673881,3.36109249195996,2.23208232904809,3.50732315241461,2.09310959004152
"450",450,3.86258936395251,1.83873442368001,3.20286180549145,2.40397092675007,3.37382414015381,2.24481397724194,3.51052314730731,2.09630958493421
"451",451,3.69623762944478,1.75181781412458,3.21102636976967,1.80981827000055,3.17637420156806,2.04736403865619,3.21752910107166,1.80331553869856
"452",452,3.25732710522169,1.28559421309255,2.70944352825459,1.62507013600498,2.76432932880043,1.63531916588856,2.87436361331633,1.46015005094324
"453",453,4.01087489176285,2.12193611163712,3.37356218175965,2.73183020671267,3.6200648727637,2.49105470985183,3.75980297542271,2.34558941304961
"454",454,3.42192784227247,1.3993627290338,2.98811421064848,1.80748633159887,2.95929787918258,1.83028771627071,3.10490705231022,1.69069348993713
"455",455,4.1139542694266,2.10478115249964,3.61826948954836,2.71104773572889,3.70652277294701,2.57751261003515,3.87176539382517,2.45755183145208
"456",456,4.26706028483854,2.2866256950013,3.68783590000249,2.80752143366398,3.81480382574019,2.68579366282832,3.95478544801979,2.54057188564669
"457",457,4.04262611862601,2.06745918310431,3.64955692957186,2.34726325215992,3.6174399442787,2.48842978136683,3.70551687205244,2.29130330967934
"458",458,4.06606653734477,2.06335364477121,3.36977326542184,2.50875016542197,3.52339745180169,2.39438728888982,3.64636849660845,2.23215493423536
"459",459,3.91286646864205,1.89828618229329,3.58672446698958,2.53435139172836,3.57451247783165,2.44550231491978,3.76764471054552,2.35343114817242
"460",460,3.71323802871624,1.96979581393318,3.32998424502069,1.94919424121963,3.33819467746865,2.20918451455679,3.34669602430671,1.93248246193361
"461",461,4.12904129312483,2.24657870052766,3.49951378085666,2.82970772980691,3.72769021815022,2.59868005523835,3.87171753651833,2.45750397414524
"462",462,4.0850254952685,2.06319525446867,3.64730325768997,2.58831722163268,3.65548348583821,2.52647332292634,3.82491702084787,2.41070345847478
"463",463,4.13824132362269,2.16047958718154,3.68830175953186,2.72798473318115,3.76214445367576,2.63313429076389,3.91525002754305,2.50103646516996
"464",464,4.18896361165349,2.37489701048133,3.59241071252303,2.92388792112042,3.8149889579094,2.68597879499754,3.96525609800827,2.55104253563518
"465",465,3.91184577150561,2.04798857191674,3.58769602797884,2.61085686969401,3.6114798774944,2.48246971458254,3.80638323002297,2.39216966764988
"466",466,3.72138276727232,1.70838800921024,3.04837034440363,2.29437450768824,3.245529435846,2.11651927293413,3.37847920723248,1.96426564485939
"467",467,3.85475297972534,1.87246321563637,3.28392235816548,2.44512357874682,3.43223982552902,2.30322966261715,3.5716297496427,2.15741618726961
"468",468,4.38740609195299,2.3868927268641,3.83299061313993,2.87154262966732,3.9431707636188,2.81416060070693,4.05937340259017,2.64515984021707
"469",469,4.08052240516053,2.13144249940612,3.66783702183501,2.80638556188159,3.76846412025323,2.63945395734136,3.94421807304485,2.53000451067175
"470",470,4.22537163603035,2.28982853623282,3.59605301912619,2.90965887875593,3.82421188109991,2.69520171818804,3.9599627301276,2.54574916775451
"471",471,3.55168202405879,1.54219937141052,2.90045794096978,1.90915584302193,3.0102422813731,1.88123211846123,3.1119136731824,1.69770011080931
"472",472,4.21709685166845,2.22952644737774,3.56561522420694,2.85682119403024,3.77877309710687,2.649762934195,3.91832499030514,2.50411142793204
"473",473,3.78945470683159,1.92416726363622,3.19234452812277,2.46440869399314,3.40419588859545,2.27518572568358,3.5354833922445,2.1212698298714
"474",474,4.29831629441429,2.30908363382247,3.74222112459082,2.80033241605459,3.83846470534889,2.70945454243702,3.97838355150925,2.56416998913616
"475",475,3.59915086807503,1.60473986241565,2.88907929152199,1.86934544823285,2.99726662221031,1.86825645929844,3.08631915106397,1.67210558869088
"476",476,3.96958601498208,1.96055374192353,3.41634468003277,2.63745187505211,3.5825659032837,2.45355574037183,3.73400505872899,2.31979149635589
"477",477,4.11457090043658,2.08643499670965,3.46891214155489,2.70213815363747,3.65379779424911,2.52478763133725,3.79263192878273,2.37841836640963
"478",478,4.3421953428252,2.39447885635803,4.90982036627536,2.72201402764622,4.12444257510938,2.99543241219752,4.52302397814734,3.10881041577424
"479",479,3.99375895561816,1.97183638485901,3.33718709940439,2.58483127085439,3.52874801990115,2.39973785698928,3.66811596631593,2.25390240394284
"480",480,4.24313067352835,2.23500020048435,3.95947307375568,2.80220122708279,3.88187612917857,2.7528659662667,4.08794393160578,2.67373036923269
"481",481,3.79680700368512,1.90762107603126,3.20188042644053,2.52372603640545,3.43218181776945,2.30317165485759,3.56991001260954,2.15569645023644
"482",482,3.58779409455053,1.6624602818226,2.95608190984781,2.23052613202076,3.16646001288545,2.03744984997358,3.30041080212083,1.88619723974774
"483",483,4.19835998147555,2.18103401487849,3.58516957617979,2.81373181841741,3.76040984609423,2.63139968318236,3.90655747848515,2.49234391611205
"484",484,4.00504534799988,2.04611799077939,3.38123242482806,2.6971871846537,3.59895667755171,2.46994651463984,3.74631658592742,2.33210302355433
"485",485,3.71160188454775,1.71008494857731,3.38154947135687,2.39133670364226,3.40106356289082,2.27205339997895,3.59354986868611,2.17933630631302
"486",486,3.44715469296133,1.70795886428557,2.92167438270637,2.31249995806024,3.18109778022696,2.05208761731509,3.32419395156985,1.90998038919676
"487",487,3.94285180485512,2.10687299515851,3.39632210173164,2.64344997502894,3.60143148884582,2.47242132593396,3.72699281956683,2.31277925719374
"488",488,3.90273904260407,1.93434479063791,3.9096400153803,2.58866013392737,3.70647554903781,2.57746538612594,3.95625685584038,2.54204329346728
"489",489,4.20520859604249,2.20885855811542,3.64839880822266,2.93628801053947,3.84551694418671,2.71650678127484,3.99945019056761,2.58523662819452
"490",490,3.82900031592953,1.83638951445775,3.14722348232615,2.13725581685001,3.2497119749647,2.12070181205284,3.34934643077463,1.93513286840153
"491",491,4.01942399933242,2.12150840623309,3.35903047538222,2.70928937514766,3.59699790785412,2.46798774494225,3.74126670645149,2.32705314407839
"492",492,3.79611392019452,1.83435882881443,3.16018762968827,2.45399453228062,3.3691628560736,2.24015269316173,3.51419786217099,2.0999842997979
"493",493,3.86138952142748,1.90709669982201,3.48021565535787,2.3838636730399,3.48641440795688,2.35740424504501,3.63914644538543,2.22493288301234
"494",494,3.98909054577797,2.0490849493891,3.53904633801348,2.69657409283371,3.65829812454222,2.52928796163035,3.82491699661014,2.41070343423705
"495",495,4.04109988522711,2.02105917474563,3.39927117350027,2.69612510288893,3.61083023622599,2.48182007331412,3.75480491938114,2.34059135700805
"496",496,4.16947433354337,2.15254352952513,3.73812067884205,2.66329785696113,3.75074214747851,2.62173198456664,3.90781604908814,2.49360248671504
"497",497,4.26137160179704,2.26346702601694,4.08382181564729,2.90312628637252,3.98341903054733,2.85440886763546,4.20058083219646,2.78636726982336
"498",498,3.81098253995594,1.86397114365134,3.77567367739912,2.05906500885439,3.38232237111876,2.25331220820689,3.6244761243133,2.21026256194021
"499",499,3.96875793454015,2.15499390611763,3.4132552436105,2.68596724952454,3.60051512810844,2.47150496519657,3.75671802775406,2.34250446538097
"500",500,3.69264961461923,1.73047504630856,3.02869970189366,2.0290741638653,3.1453946161696,2.01638445325773,3.23599371406603,1.82178015169293
